id,ia_id,g_ia,topic,topic_label,sentiment
V0001,IA06,-0.0988681852641089,4,4_on_claires_sur_informations,0.0
V0002,IA04,1.050436228132796,8,8_mois_plusieurs_pourvus_ouverts,-0.5
V0003,IA08,-0.5589055756131087,7,7_restent_rapide_faute_vacants,-0.5
V0004,IA08,-0.5589055756131087,7,7_restent_rapide_faute_vacants,-0.5
V0005,IA02,-0.6770804424361538,8,8_mois_plusieurs_pourvus_ouverts,-0.5
V0006,IA12,0.8036427494500231,5,5_nettement_ief_année_cette,0.5
V0007,IA09,1.508379536169013,8,8_mois_plusieurs_pourvus_ouverts,-0.5
V0008,IA11,0.5436260064330518,8,8_mois_plusieurs_pourvus_ouverts,-0.5
V0009,IA01,1.1358119908378483,12,12_procédures_bloqué_interminables_maîtres,-0.5
V0010,IA10,-1.7249192939776967,4,4_on_claires_sur_informations,0.0
V0011,IA08,-0.5589055756131087,2,2_fluide_façon_se_fait,0.5
V0012,IA13,-0.5950300302811243,4,4_on_claires_sur_informations,0.0
V0013,IA09,1.508379536169013,7,7_restent_rapide_faute_vacants,-0.5
V0014,IA10,-1.7249192939776967,7,7_restent_rapide_faute_vacants,-0.5
V0015,IA03,0.4625650775900469,7,7_restent_rapide_faute_vacants,-0.5
V0016,IA11,0.5436260064330518,4,4_on_claires_sur_informations,0.0
V0017,IA04,1.050436228132796,5,5_nettement_ief_année_cette,0.5
V0018,IA02,-0.6770804424361538,4,4_on_claires_sur_informations,0.0
V0019,IA02,-0.6770804424361538,8,8_mois_plusieurs_pourvus_ouverts,-0.5
V0020,IA11,0.5436260064330518,0,0_anticipées_expliquées_affectation_décisions,0.5
V0021,IA01,1.1358119908378483,5,5_nettement_ief_année_cette,0.5
V0022,IA10,-1.7249192939776967,7,7_restent_rapide_faute_vacants,-0.5
V0023,IA06,-0.0988681852641089,7,7_restent_rapide_faute_vacants,-0.5
V0024,IA12,0.8036427494500231,4,4_on_claires_sur_informations,0.0
V0025,IA11,0.5436260064330518,2,2_fluide_façon_se_fait,0.5
V0026,IA01,1.1358119908378483,0,0_anticipées_expliquées_affectation_décisions,0.5
V0027,IA11,0.5436260064330518,8,8_mois_plusieurs_pourvus_ouverts,-0.5
V0028,IA02,-0.6770804424361538,3,3_retard_sans_notable_organisés,0.5
V0029,IA09,1.508379536169013,2,2_fluide_façon_se_fait,0.5
V0030,IA12,0.8036427494500231,12,12_procédures_bloqué_interminables_maîtres,-0.5
V0031,IA05,-1.961883486465059,5,5_nettement_ief_année_cette,0.5
V0032,IA09,1.508379536169013,10,10_assurés_absents_temps_ne,-0.5
V0033,IA01,1.1358119908378483,1,1_traitées_rapidement_désormais_par,0.5
V0034,IA04,1.050436228132796,1,1_traitées_rapidement_désormais_par,0.5
V0035,IA01,1.1358119908378483,11,11_souvent_rentrée_trop_tard,-0.5
V0036,IA13,-0.5950300302811243,4,4_on_claires_sur_informations,0.0
V0037,IA14,0.361886464303974,1,1_traitées_rapidement_désormais_par,0.5
V0038,IA10,-1.7249192939776967,0,0_anticipées_expliquées_affectation_décisions,0.5
V0039,IA11,0.5436260064330518,0,0_anticipées_expliquées_affectation_décisions,0.5
V0040,IA13,-0.5950300302811243,0,0_anticipées_expliquées_affectation_décisions,0.5
V0041,IA13,-0.5950300302811243,10,10_assurés_absents_temps_ne,-0.5
V0042,IA04,1.050436228132796,9,9_lente_lisible_peu_avec,-0.5
V0043,IA15,-0.5128143979953421,10,10_assurés_absents_temps_ne,-0.5
V0044,IA09,1.508379536169013,1,1_traitées_rapidement_désormais_par,0.5
V0045,IA08,-0.5589055756131087,2,2_fluide_façon_se_fait,0.5
V0046,IA16,-0.4962851679537585,7,7_restent_rapide_faute_vacants,-0.5
V0047,IA05,-1.961883486465059,12,12_procédures_bloqué_interminables_maîtres,-0.5
V0048,IA08,-0.5589055756131087,6,6_réactif_suivi_transparent_vacants,0.5
V0049,IA05,-1.961883486465059,9,9_lente_lisible_peu_avec,-0.5
V0050,IA15,-0.5128143979953421,11,11_souvent_rentrée_trop_tard,-0.5
V0051,IA10,-1.7249192939776967,12,12_procédures_bloqué_interminables_maîtres,-0.5
V0052,IA01,1.1358119908378483,2,2_fluide_façon_se_fait,0.5
V0053,IA04,1.050436228132796,4,4_on_claires_sur_informations,0.0
V0054,IA01,1.1358119908378483,2,2_fluide_façon_se_fait,0.5
V0055,IA06,-0.0988681852641089,5,5_nettement_ief_année_cette,0.5
V0056,IA02,-0.6770804424361538,0,0_anticipées_expliquées_affectation_décisions,0.5
V0057,IA08,-0.5589055756131087,4,4_on_claires_sur_informations,0.0
V0058,IA05,-1.961883486465059,7,7_restent_rapide_faute_vacants,-0.5
V0059,IA07,0.7594385270695994,10,10_assurés_absents_temps_ne,-0.5
V0060,IA16,-0.4962851679537585,8,8_mois_plusieurs_pourvus_ouverts,-0.5
V0061,IA12,0.8036427494500231,7,7_restent_rapide_faute_vacants,-0.5
V0062,IA10,-1.7249192939776967,7,7_restent_rapide_faute_vacants,-0.5
V0063,IA06,-0.0988681852641089,4,4_on_claires_sur_informations,0.0
V0064,IA14,0.361886464303974,7,7_restent_rapide_faute_vacants,-0.5
V0065,IA06,-0.0988681852641089,11,11_souvent_rentrée_trop_tard,-0.5
V0066,IA11,0.5436260064330518,6,6_réactif_suivi_transparent_vacants,0.5
V0067,IA16,-0.4962851679537585,8,8_mois_plusieurs_pourvus_ouverts,-0.5
V0068,IA06,-0.0988681852641089,7,7_restent_rapide_faute_vacants,-0.5
V0069,IA02,-0.6770804424361538,10,10_assurés_absents_temps_ne,-0.5
V0070,IA14,0.361886464303974,3,3_retard_sans_notable_organisés,0.5
V0071,IA08,-0.5589055756131087,2,2_fluide_façon_se_fait,0.5
V0072,IA15,-0.5128143979953421,7,7_restent_rapide_faute_vacants,-0.5
V0073,IA07,0.7594385270695994,6,6_réactif_suivi_transparent_vacants,0.5
V0074,IA12,0.8036427494500231,9,9_lente_lisible_peu_avec,-0.5
V0075,IA04,1.050436228132796,1,1_traitées_rapidement_désormais_par,0.5
V0076,IA12,0.8036427494500231,2,2_fluide_façon_se_fait,0.5
V0077,IA10,-1.7249192939776967,7,7_restent_rapide_faute_vacants,-0.5
V0078,IA14,0.361886464303974,1,1_traitées_rapidement_désormais_par,0.5
V0079,IA03,0.4625650775900469,2,2_fluide_façon_se_fait,0.5
V0080,IA08,-0.5589055756131087,8,8_mois_plusieurs_pourvus_ouverts,-0.5
V0081,IA16,-0.4962851679537585,11,11_souvent_rentrée_trop_tard,-0.5
V0082,IA12,0.8036427494500231,2,2_fluide_façon_se_fait,0.5
V0083,IA10,-1.7249192939776967,7,7_restent_rapide_faute_vacants,-0.5
V0084,IA09,1.508379536169013,3,3_retard_sans_notable_organisés,0.5
V0085,IA11,0.5436260064330518,3,3_retard_sans_notable_organisés,0.5
V0086,IA15,-0.5128143979953421,1,1_traitées_rapidement_désormais_par,0.5
V0087,IA03,0.4625650775900469,3,3_retard_sans_notable_organisés,0.5
V0088,IA09,1.508379536169013,6,6_réactif_suivi_transparent_vacants,0.5
V0089,IA06,-0.0988681852641089,8,8_mois_plusieurs_pourvus_ouverts,-0.5
V0090,IA04,1.050436228132796,0,0_anticipées_expliquées_affectation_décisions,0.5
V0091,IA08,-0.5589055756131087,10,10_assurés_absents_temps_ne,-0.5
V0092,IA13,-0.5950300302811243,4,4_on_claires_sur_informations,0.0
V0093,IA09,1.508379536169013,1,1_traitées_rapidement_désormais_par,0.5
V0094,IA10,-1.7249192939776967,10,10_assurés_absents_temps_ne,-0.5
V0095,IA03,0.4625650775900469,10,10_assurés_absents_temps_ne,-0.5
V0096,IA09,1.508379536169013,3,3_retard_sans_notable_organisés,0.5
V0097,IA12,0.8036427494500231,4,4_on_claires_sur_informations,0.0
V0098,IA06,-0.0988681852641089,0,0_anticipées_expliquées_affectation_décisions,0.5
V0099,IA02,-0.6770804424361538,12,12_procédures_bloqué_interminables_maîtres,-0.5
V0100,IA12,0.8036427494500231,9,9_lente_lisible_peu_avec,-0.5
V0101,IA01,1.1358119908378483,2,2_fluide_façon_se_fait,0.5
V0102,IA11,0.5436260064330518,0,0_anticipées_expliquées_affectation_décisions,0.5
V0103,IA04,1.050436228132796,4,4_on_claires_sur_informations,0.0
V0104,IA14,0.361886464303974,3,3_retard_sans_notable_organisés,0.5
V0105,IA09,1.508379536169013,0,0_anticipées_expliquées_affectation_décisions,0.5
V0106,IA16,-0.4962851679537585,9,9_lente_lisible_peu_avec,-0.5
V0107,IA10,-1.7249192939776967,8,8_mois_plusieurs_pourvus_ouverts,-0.5
V0108,IA02,-0.6770804424361538,8,8_mois_plusieurs_pourvus_ouverts,-0.5
V0109,IA04,1.050436228132796,1,1_traitées_rapidement_désormais_par,0.5
V0110,IA03,0.4625650775900469,1,1_traitées_rapidement_désormais_par,0.5
V0111,IA07,0.7594385270695994,6,6_réactif_suivi_transparent_vacants,0.5
V0112,IA15,-0.5128143979953421,10,10_assurés_absents_temps_ne,-0.5
V0113,IA02,-0.6770804424361538,12,12_procédures_bloqué_interminables_maîtres,-0.5
V0114,IA04,1.050436228132796,3,3_retard_sans_notable_organisés,0.5
V0115,IA07,0.7594385270695994,5,5_nettement_ief_année_cette,0.5
V0116,IA10,-1.7249192939776967,7,7_restent_rapide_faute_vacants,-0.5
V0117,IA06,-0.0988681852641089,0,0_anticipées_expliquées_affectation_décisions,0.5
V0118,IA03,0.4625650775900469,3,3_retard_sans_notable_organisés,0.5
V0119,IA10,-1.7249192939776967,11,11_souvent_rentrée_trop_tard,-0.5
V0120,IA04,1.050436228132796,1,1_traitées_rapidement_désormais_par,0.5
V0121,IA02,-0.6770804424361538,9,9_lente_lisible_peu_avec,-0.5
V0122,IA01,1.1358119908378483,9,9_lente_lisible_peu_avec,-0.5
V0123,IA11,0.5436260064330518,9,9_lente_lisible_peu_avec,-0.5
V0124,IA09,1.508379536169013,6,6_réactif_suivi_transparent_vacants,0.5
V0125,IA14,0.361886464303974,8,8_mois_plusieurs_pourvus_ouverts,-0.5
V0126,IA02,-0.6770804424361538,11,11_souvent_rentrée_trop_tard,-0.5
V0127,IA07,0.7594385270695994,6,6_réactif_suivi_transparent_vacants,0.5
V0128,IA02,-0.6770804424361538,9,9_lente_lisible_peu_avec,-0.5
V0129,IA11,0.5436260064330518,1,1_traitées_rapidement_désormais_par,0.5
V0130,IA04,1.050436228132796,0,0_anticipées_expliquées_affectation_décisions,0.5
V0131,IA03,0.4625650775900469,6,6_réactif_suivi_transparent_vacants,0.5
V0132,IA08,-0.5589055756131087,2,2_fluide_façon_se_fait,0.5
V0133,IA13,-0.5950300302811243,2,2_fluide_façon_se_fait,0.5
V0134,IA14,0.361886464303974,11,11_souvent_rentrée_trop_tard,-0.5
V0135,IA16,-0.4962851679537585,1,1_traitées_rapidement_désormais_par,0.5
V0136,IA16,-0.4962851679537585,9,9_lente_lisible_peu_avec,-0.5
V0137,IA06,-0.0988681852641089,4,4_on_claires_sur_informations,0.0
V0138,IA05,-1.961883486465059,1,1_traitées_rapidement_désormais_par,0.5
V0139,IA05,-1.961883486465059,7,7_restent_rapide_faute_vacants,-0.5
V0140,IA05,-1.961883486465059,8,8_mois_plusieurs_pourvus_ouverts,-0.5
V0141,IA04,1.050436228132796,10,10_assurés_absents_temps_ne,-0.5
V0142,IA07,0.7594385270695994,1,1_traitées_rapidement_désormais_par,0.5
V0143,IA15,-0.5128143979953421,5,5_nettement_ief_année_cette,0.5
V0144,IA10,-1.7249192939776967,4,4_on_claires_sur_informations,0.0
V0145,IA10,-1.7249192939776967,6,6_réactif_suivi_transparent_vacants,0.5
V0146,IA09,1.508379536169013,2,2_fluide_façon_se_fait,0.5
V0147,IA04,1.050436228132796,6,6_réactif_suivi_transparent_vacants,0.5
V0148,IA06,-0.0988681852641089,5,5_nettement_ief_année_cette,0.5
V0149,IA16,-0.4962851679537585,6,6_réactif_suivi_transparent_vacants,0.5
V0150,IA06,-0.0988681852641089,11,11_souvent_rentrée_trop_tard,-0.5
V0151,IA14,0.361886464303974,0,0_anticipées_expliquées_affectation_décisions,0.5
V0152,IA09,1.508379536169013,1,1_traitées_rapidement_désormais_par,0.5
V0153,IA05,-1.961883486465059,10,10_assurés_absents_temps_ne,-0.5
V0154,IA11,0.5436260064330518,1,1_traitées_rapidement_désormais_par,0.5
V0155,IA07,0.7594385270695994,5,5_nettement_ief_année_cette,0.5
V0156,IA02,-0.6770804424361538,2,2_fluide_façon_se_fait,0.5
V0157,IA15,-0.5128143979953421,2,2_fluide_façon_se_fait,0.5
V0158,IA16,-0.4962851679537585,7,7_restent_rapide_faute_vacants,-0.5
V0159,IA12,0.8036427494500231,0,0_anticipées_expliquées_affectation_décisions,0.5
V0160,IA14,0.361886464303974,10,10_assurés_absents_temps_ne,-0.5
V0161,IA10,-1.7249192939776967,12,12_procédures_bloqué_interminables_maîtres,-0.5
V0162,IA08,-0.5589055756131087,4,4_on_claires_sur_informations,0.0
V0163,IA04,1.050436228132796,10,10_assurés_absents_temps_ne,-0.5
V0164,IA08,-0.5589055756131087,0,0_anticipées_expliquées_affectation_décisions,0.5
V0165,IA15,-0.5128143979953421,5,5_nettement_ief_année_cette,0.5
V0166,IA06,-0.0988681852641089,9,9_lente_lisible_peu_avec,-0.5
V0167,IA03,0.4625650775900469,7,7_restent_rapide_faute_vacants,-0.5
V0168,IA11,0.5436260064330518,6,6_réactif_suivi_transparent_vacants,0.5
V0169,IA16,-0.4962851679537585,10,10_assurés_absents_temps_ne,-0.5
V0170,IA01,1.1358119908378483,3,3_retard_sans_notable_organisés,0.5
V0171,IA11,0.5436260064330518,6,6_réactif_suivi_transparent_vacants,0.5
V0172,IA07,0.7594385270695994,8,8_mois_plusieurs_pourvus_ouverts,-0.5
V0173,IA04,1.050436228132796,6,6_réactif_suivi_transparent_vacants,0.5
V0174,IA04,1.050436228132796,2,2_fluide_façon_se_fait,0.5
V0175,IA13,-0.5950300302811243,10,10_assurés_absents_temps_ne,-0.5
V0176,IA09,1.508379536169013,2,2_fluide_façon_se_fait,0.5
V0177,IA15,-0.5128143979953421,2,2_fluide_façon_se_fait,0.5
V0178,IA09,1.508379536169013,12,12_procédures_bloqué_interminables_maîtres,-0.5
V0179,IA07,0.7594385270695994,1,1_traitées_rapidement_désormais_par,0.5
V0180,IA04,1.050436228132796,9,9_lente_lisible_peu_avec,-0.5
V0181,IA01,1.1358119908378483,2,2_fluide_façon_se_fait,0.5
V0182,IA11,0.5436260064330518,4,4_on_claires_sur_informations,0.0
V0183,IA04,1.050436228132796,2,2_fluide_façon_se_fait,0.5
V0184,IA06,-0.0988681852641089,0,0_anticipées_expliquées_affectation_décisions,0.5
V0185,IA11,0.5436260064330518,5,5_nettement_ief_année_cette,0.5
V0186,IA13,-0.5950300302811243,11,11_souvent_rentrée_trop_tard,-0.5
V0187,IA03,0.4625650775900469,3,3_retard_sans_notable_organisés,0.5
V0188,IA09,1.508379536169013,5,5_nettement_ief_année_cette,0.5
V0189,IA10,-1.7249192939776967,12,12_procédures_bloqué_interminables_maîtres,-0.5
V0190,IA10,-1.7249192939776967,5,5_nettement_ief_année_cette,0.5
V0191,IA13,-0.5950300302811243,0,0_anticipées_expliquées_affectation_décisions,0.5
V0192,IA02,-0.6770804424361538,3,3_retard_sans_notable_organisés,0.5
V0193,IA09,1.508379536169013,9,9_lente_lisible_peu_avec,-0.5
V0194,IA09,1.508379536169013,2,2_fluide_façon_se_fait,0.5
V0195,IA13,-0.5950300302811243,5,5_nettement_ief_année_cette,0.5
V0196,IA06,-0.0988681852641089,6,6_réactif_suivi_transparent_vacants,0.5
V0197,IA04,1.050436228132796,7,7_restent_rapide_faute_vacants,-0.5
V0198,IA16,-0.4962851679537585,10,10_assurés_absents_temps_ne,-0.5
V0199,IA13,-0.5950300302811243,7,7_restent_rapide_faute_vacants,-0.5
V0200,IA04,1.050436228132796,5,5_nettement_ief_année_cette,0.5
V0201,IA07,0.7594385270695994,1,1_traitées_rapidement_désormais_par,0.5
V0202,IA07,0.7594385270695994,6,6_réactif_suivi_transparent_vacants,0.5
V0203,IA15,-0.5128143979953421,9,9_lente_lisible_peu_avec,-0.5
V0204,IA14,0.361886464303974,5,5_nettement_ief_année_cette,0.5
V0205,IA03,0.4625650775900469,6,6_réactif_suivi_transparent_vacants,0.5
V0206,IA07,0.7594385270695994,2,2_fluide_façon_se_fait,0.5
V0207,IA12,0.8036427494500231,1,1_traitées_rapidement_désormais_par,0.5
V0208,IA05,-1.961883486465059,8,8_mois_plusieurs_pourvus_ouverts,-0.5
V0209,IA16,-0.4962851679537585,2,2_fluide_façon_se_fait,0.5
V0210,IA10,-1.7249192939776967,10,10_assurés_absents_temps_ne,-0.5
V0211,IA04,1.050436228132796,1,1_traitées_rapidement_désormais_par,0.5
V0212,IA09,1.508379536169013,4,4_on_claires_sur_informations,0.0
V0213,IA10,-1.7249192939776967,7,7_restent_rapide_faute_vacants,-0.5
V0214,IA15,-0.5128143979953421,1,1_traitées_rapidement_désormais_par,0.5
V0215,IA13,-0.5950300302811243,3,3_retard_sans_notable_organisés,0.5
V0216,IA11,0.5436260064330518,1,1_traitées_rapidement_désormais_par,0.5
V0217,IA04,1.050436228132796,9,9_lente_lisible_peu_avec,-0.5
V0218,IA07,0.7594385270695994,5,5_nettement_ief_année_cette,0.5
V0219,IA12,0.8036427494500231,3,3_retard_sans_notable_organisés,0.5
V0220,IA08,-0.5589055756131087,4,4_on_claires_sur_informations,0.0
V0221,IA02,-0.6770804424361538,10,10_assurés_absents_temps_ne,-0.5
V0222,IA09,1.508379536169013,3,3_retard_sans_notable_organisés,0.5
V0223,IA04,1.050436228132796,11,11_souvent_rentrée_trop_tard,-0.5
V0224,IA06,-0.0988681852641089,8,8_mois_plusieurs_pourvus_ouverts,-0.5
V0225,IA16,-0.4962851679537585,4,4_on_claires_sur_informations,0.0
V0226,IA06,-0.0988681852641089,6,6_réactif_suivi_transparent_vacants,0.5
V0227,IA01,1.1358119908378483,1,1_traitées_rapidement_désormais_par,0.5
V0228,IA07,0.7594385270695994,3,3_retard_sans_notable_organisés,0.5
V0229,IA09,1.508379536169013,2,2_fluide_façon_se_fait,0.5
V0230,IA07,0.7594385270695994,0,0_anticipées_expliquées_affectation_décisions,0.5
V0231,IA11,0.5436260064330518,9,9_lente_lisible_peu_avec,-0.5
V0232,IA05,-1.961883486465059,10,10_assurés_absents_temps_ne,-0.5
V0233,IA14,0.361886464303974,1,1_traitées_rapidement_désormais_par,0.5
V0234,IA12,0.8036427494500231,8,8_mois_plusieurs_pourvus_ouverts,-0.5
V0235,IA01,1.1358119908378483,6,6_réactif_suivi_transparent_vacants,0.5
V0236,IA14,0.361886464303974,11,11_souvent_rentrée_trop_tard,-0.5
V0237,IA04,1.050436228132796,0,0_anticipées_expliquées_affectation_décisions,0.5
V0238,IA02,-0.6770804424361538,8,8_mois_plusieurs_pourvus_ouverts,-0.5
V0239,IA11,0.5436260064330518,3,3_retard_sans_notable_organisés,0.5
V0240,IA09,1.508379536169013,0,0_anticipées_expliquées_affectation_décisions,0.5
V0241,IA11,0.5436260064330518,9,9_lente_lisible_peu_avec,-0.5
V0242,IA12,0.8036427494500231,1,1_traitées_rapidement_désormais_par,0.5
V0243,IA02,-0.6770804424361538,2,2_fluide_façon_se_fait,0.5
V0244,IA08,-0.5589055756131087,5,5_nettement_ief_année_cette,0.5
V0245,IA05,-1.961883486465059,8,8_mois_plusieurs_pourvus_ouverts,-0.5
V0246,IA13,-0.5950300302811243,0,0_anticipées_expliquées_affectation_décisions,0.5
V0247,IA15,-0.5128143979953421,11,11_souvent_rentrée_trop_tard,-0.5
V0248,IA12,0.8036427494500231,3,3_retard_sans_notable_organisés,0.5
V0249,IA12,0.8036427494500231,7,7_restent_rapide_faute_vacants,-0.5
V0250,IA08,-0.5589055756131087,11,11_souvent_rentrée_trop_tard,-0.5
V0251,IA06,-0.0988681852641089,1,1_traitées_rapidement_désormais_par,0.5
V0252,IA08,-0.5589055756131087,10,10_assurés_absents_temps_ne,-0.5
V0253,IA01,1.1358119908378483,11,11_souvent_rentrée_trop_tard,-0.5
V0254,IA12,0.8036427494500231,3,3_retard_sans_notable_organisés,0.5
V0255,IA15,-0.5128143979953421,11,11_souvent_rentrée_trop_tard,-0.5
V0256,IA12,0.8036427494500231,6,6_réactif_suivi_transparent_vacants,0.5
V0257,IA14,0.361886464303974,4,4_on_claires_sur_informations,0.0
V0258,IA11,0.5436260064330518,1,1_traitées_rapidement_désormais_par,0.5
V0259,IA03,0.4625650775900469,0,0_anticipées_expliquées_affectation_décisions,0.5
V0260,IA05,-1.961883486465059,9,9_lente_lisible_peu_avec,-0.5
V0261,IA02,-0.6770804424361538,6,6_réactif_suivi_transparent_vacants,0.5
V0262,IA15,-0.5128143979953421,10,10_assurés_absents_temps_ne,-0.5
V0263,IA10,-1.7249192939776967,0,0_anticipées_expliquées_affectation_décisions,0.5
V0264,IA09,1.508379536169013,5,5_nettement_ief_année_cette,0.5
V0265,IA07,0.7594385270695994,0,0_anticipées_expliquées_affectation_décisions,0.5
V0266,IA05,-1.961883486465059,4,4_on_claires_sur_informations,0.0
V0267,IA10,-1.7249192939776967,9,9_lente_lisible_peu_avec,-0.5
V0268,IA15,-0.5128143979953421,6,6_réactif_suivi_transparent_vacants,0.5
V0269,IA09,1.508379536169013,3,3_retard_sans_notable_organisés,0.5
V0270,IA14,0.361886464303974,1,1_traitées_rapidement_désormais_par,0.5
V0271,IA15,-0.5128143979953421,0,0_anticipées_expliquées_affectation_décisions,0.5
V0272,IA11,0.5436260064330518,5,5_nettement_ief_année_cette,0.5
V0273,IA14,0.361886464303974,8,8_mois_plusieurs_pourvus_ouverts,-0.5
V0274,IA09,1.508379536169013,5,5_nettement_ief_année_cette,0.5
V0275,IA09,1.508379536169013,2,2_fluide_façon_se_fait,0.5
V0276,IA04,1.050436228132796,3,3_retard_sans_notable_organisés,0.5
V0277,IA03,0.4625650775900469,12,12_procédures_bloqué_interminables_maîtres,-0.5
V0278,IA01,1.1358119908378483,1,1_traitées_rapidement_désormais_par,0.5
V0279,IA09,1.508379536169013,1,1_traitées_rapidement_désormais_par,0.5
V0280,IA08,-0.5589055756131087,3,3_retard_sans_notable_organisés,0.5
V0281,IA07,0.7594385270695994,11,11_souvent_rentrée_trop_tard,-0.5
V0282,IA03,0.4625650775900469,6,6_réactif_suivi_transparent_vacants,0.5
V0283,IA01,1.1358119908378483,9,9_lente_lisible_peu_avec,-0.5
V0284,IA03,0.4625650775900469,6,6_réactif_suivi_transparent_vacants,0.5
V0285,IA02,-0.6770804424361538,4,4_on_claires_sur_informations,0.0
V0286,IA15,-0.5128143979953421,12,12_procédures_bloqué_interminables_maîtres,-0.5
V0287,IA10,-1.7249192939776967,6,6_réactif_suivi_transparent_vacants,0.5
V0288,IA13,-0.5950300302811243,11,11_souvent_rentrée_trop_tard,-0.5
V0289,IA10,-1.7249192939776967,5,5_nettement_ief_année_cette,0.5
V0290,IA08,-0.5589055756131087,1,1_traitées_rapidement_désormais_par,0.5
V0291,IA03,0.4625650775900469,12,12_procédures_bloqué_interminables_maîtres,-0.5
V0292,IA10,-1.7249192939776967,9,9_lente_lisible_peu_avec,-0.5
V0293,IA01,1.1358119908378483,1,1_traitées_rapidement_désormais_par,0.5
V0294,IA13,-0.5950300302811243,3,3_retard_sans_notable_organisés,0.5
V0295,IA07,0.7594385270695994,0,0_anticipées_expliquées_affectation_décisions,0.5
V0296,IA08,-0.5589055756131087,0,0_anticipées_expliquées_affectation_décisions,0.5
V0297,IA13,-0.5950300302811243,9,9_lente_lisible_peu_avec,-0.5
V0298,IA12,0.8036427494500231,2,2_fluide_façon_se_fait,0.5
V0299,IA06,-0.0988681852641089,3,3_retard_sans_notable_organisés,0.5
V0300,IA11,0.5436260064330518,5,5_nettement_ief_année_cette,0.5
V0301,IA08,-0.5589055756131087,9,9_lente_lisible_peu_avec,-0.5
V0302,IA08,-0.5589055756131087,1,1_traitées_rapidement_désormais_par,0.5
V0303,IA11,0.5436260064330518,6,6_réactif_suivi_transparent_vacants,0.5
V0304,IA09,1.508379536169013,6,6_réactif_suivi_transparent_vacants,0.5
V0305,IA08,-0.5589055756131087,11,11_souvent_rentrée_trop_tard,-0.5
V0306,IA04,1.050436228132796,0,0_anticipées_expliquées_affectation_décisions,0.5
V0307,IA10,-1.7249192939776967,9,9_lente_lisible_peu_avec,-0.5
V0308,IA08,-0.5589055756131087,2,2_fluide_façon_se_fait,0.5
V0309,IA11,0.5436260064330518,5,5_nettement_ief_année_cette,0.5
V0310,IA08,-0.5589055756131087,10,10_assurés_absents_temps_ne,-0.5
V0311,IA14,0.361886464303974,2,2_fluide_façon_se_fait,0.5
V0312,IA02,-0.6770804424361538,12,12_procédures_bloqué_interminables_maîtres,-0.5
V0313,IA13,-0.5950300302811243,2,2_fluide_façon_se_fait,0.5
V0314,IA03,0.4625650775900469,8,8_mois_plusieurs_pourvus_ouverts,-0.5
V0315,IA11,0.5436260064330518,4,4_on_claires_sur_informations,0.0
V0316,IA12,0.8036427494500231,5,5_nettement_ief_année_cette,0.5
V0317,IA11,0.5436260064330518,9,9_lente_lisible_peu_avec,-0.5
V0318,IA03,0.4625650775900469,9,9_lente_lisible_peu_avec,-0.5
V0319,IA14,0.361886464303974,10,10_assurés_absents_temps_ne,-0.5
V0320,IA06,-0.0988681852641089,4,4_on_claires_sur_informations,0.0
V0321,IA13,-0.5950300302811243,7,7_restent_rapide_faute_vacants,-0.5
V0322,IA10,-1.7249192939776967,12,12_procédures_bloqué_interminables_maîtres,-0.5
V0323,IA03,0.4625650775900469,2,2_fluide_façon_se_fait,0.5
V0324,IA05,-1.961883486465059,6,6_réactif_suivi_transparent_vacants,0.5
V0325,IA02,-0.6770804424361538,1,1_traitées_rapidement_désormais_par,0.5
V0326,IA06,-0.0988681852641089,9,9_lente_lisible_peu_avec,-0.5
V0327,IA05,-1.961883486465059,4,4_on_claires_sur_informations,0.0
V0328,IA04,1.050436228132796,3,3_retard_sans_notable_organisés,0.5
V0329,IA01,1.1358119908378483,0,0_anticipées_expliquées_affectation_décisions,0.5
V0330,IA01,1.1358119908378483,0,0_anticipées_expliquées_affectation_décisions,0.5
V0331,IA02,-0.6770804424361538,1,1_traitées_rapidement_désormais_par,0.5
V0332,IA16,-0.4962851679537585,4,4_on_claires_sur_informations,0.0
V0333,IA10,-1.7249192939776967,11,11_souvent_rentrée_trop_tard,-0.5
V0334,IA11,0.5436260064330518,3,3_retard_sans_notable_organisés,0.5
V0335,IA09,1.508379536169013,5,5_nettement_ief_année_cette,0.5
V0336,IA07,0.7594385270695994,5,5_nettement_ief_année_cette,0.5
V0337,IA09,1.508379536169013,3,3_retard_sans_notable_organisés,0.5
V0338,IA14,0.361886464303974,5,5_nettement_ief_année_cette,0.5
V0339,IA16,-0.4962851679537585,9,9_lente_lisible_peu_avec,-0.5
V0340,IA11,0.5436260064330518,0,0_anticipées_expliquées_affectation_décisions,0.5
V0341,IA03,0.4625650775900469,12,12_procédures_bloqué_interminables_maîtres,-0.5
V0342,IA11,0.5436260064330518,8,8_mois_plusieurs_pourvus_ouverts,-0.5
V0343,IA15,-0.5128143979953421,1,1_traitées_rapidement_désormais_par,0.5
V0344,IA04,1.050436228132796,2,2_fluide_façon_se_fait,0.5
V0345,IA06,-0.0988681852641089,2,2_fluide_façon_se_fait,0.5
V0346,IA01,1.1358119908378483,0,0_anticipées_expliquées_affectation_décisions,0.5
V0347,IA06,-0.0988681852641089,9,9_lente_lisible_peu_avec,-0.5
V0348,IA04,1.050436228132796,0,0_anticipées_expliquées_affectation_décisions,0.5
V0349,IA16,-0.4962851679537585,11,11_souvent_rentrée_trop_tard,-0.5
V0350,IA12,0.8036427494500231,4,4_on_claires_sur_informations,0.0
V0351,IA04,1.050436228132796,2,2_fluide_façon_se_fait,0.5
V0352,IA01,1.1358119908378483,0,0_anticipées_expliquées_affectation_décisions,0.5
V0353,IA10,-1.7249192939776967,4,4_on_claires_sur_informations,0.0
V0354,IA05,-1.961883486465059,8,8_mois_plusieurs_pourvus_ouverts,-0.5
V0355,IA13,-0.5950300302811243,7,7_restent_rapide_faute_vacants,-0.5
V0356,IA15,-0.5128143979953421,3,3_retard_sans_notable_organisés,0.5
V0357,IA15,-0.5128143979953421,0,0_anticipées_expliquées_affectation_décisions,0.5
V0358,IA03,0.4625650775900469,12,12_procédures_bloqué_interminables_maîtres,-0.5
V0359,IA10,-1.7249192939776967,9,9_lente_lisible_peu_avec,-0.5
V0360,IA07,0.7594385270695994,3,3_retard_sans_notable_organisés,0.5
V0361,IA05,-1.961883486465059,4,4_on_claires_sur_informations,0.0
V0362,IA12,0.8036427494500231,6,6_réactif_suivi_transparent_vacants,0.5
V0363,IA05,-1.961883486465059,4,4_on_claires_sur_informations,0.0
V0364,IA15,-0.5128143979953421,11,11_souvent_rentrée_trop_tard,-0.5
V0365,IA14,0.361886464303974,10,10_assurés_absents_temps_ne,-0.5
V0366,IA10,-1.7249192939776967,0,0_anticipées_expliquées_affectation_décisions,0.5
V0367,IA02,-0.6770804424361538,9,9_lente_lisible_peu_avec,-0.5
V0368,IA06,-0.0988681852641089,10,10_assurés_absents_temps_ne,-0.5
V0369,IA15,-0.5128143979953421,10,10_assurés_absents_temps_ne,-0.5
V0370,IA02,-0.6770804424361538,7,7_restent_rapide_faute_vacants,-0.5
V0371,IA12,0.8036427494500231,5,5_nettement_ief_année_cette,0.5
V0372,IA09,1.508379536169013,6,6_réactif_suivi_transparent_vacants,0.5
V0373,IA09,1.508379536169013,1,1_traitées_rapidement_désormais_par,0.5
V0374,IA15,-0.5128143979953421,1,1_traitées_rapidement_désormais_par,0.5
V0375,IA08,-0.5589055756131087,6,6_réactif_suivi_transparent_vacants,0.5
V0376,IA04,1.050436228132796,5,5_nettement_ief_année_cette,0.5
V0377,IA14,0.361886464303974,6,6_réactif_suivi_transparent_vacants,0.5
V0378,IA03,0.4625650775900469,1,1_traitées_rapidement_désormais_par,0.5
V0379,IA07,0.7594385270695994,3,3_retard_sans_notable_organisés,0.5
V0380,IA14,0.361886464303974,5,5_nettement_ief_année_cette,0.5
V0381,IA07,0.7594385270695994,12,12_procédures_bloqué_interminables_maîtres,-0.5
V0382,IA15,-0.5128143979953421,8,8_mois_plusieurs_pourvus_ouverts,-0.5
V0383,IA15,-0.5128143979953421,10,10_assurés_absents_temps_ne,-0.5
V0384,IA15,-0.5128143979953421,9,9_lente_lisible_peu_avec,-0.5
V0385,IA02,-0.6770804424361538,8,8_mois_plusieurs_pourvus_ouverts,-0.5
V0386,IA09,1.508379536169013,6,6_réactif_suivi_transparent_vacants,0.5
V0387,IA14,0.361886464303974,4,4_on_claires_sur_informations,0.0
V0388,IA09,1.508379536169013,9,9_lente_lisible_peu_avec,-0.5
V0389,IA04,1.050436228132796,4,4_on_claires_sur_informations,0.0
V0390,IA05,-1.961883486465059,9,9_lente_lisible_peu_avec,-0.5
V0391,IA05,-1.961883486465059,0,0_anticipées_expliquées_affectation_décisions,0.5
V0392,IA05,-1.961883486465059,10,10_assurés_absents_temps_ne,-0.5
V0393,IA16,-0.4962851679537585,11,11_souvent_rentrée_trop_tard,-0.5
V0394,IA05,-1.961883486465059,4,4_on_claires_sur_informations,0.0
V0395,IA06,-0.0988681852641089,10,10_assurés_absents_temps_ne,-0.5
V0396,IA08,-0.5589055756131087,3,3_retard_sans_notable_organisés,0.5
V0397,IA02,-0.6770804424361538,1,1_traitées_rapidement_désormais_par,0.5
V0398,IA13,-0.5950300302811243,9,9_lente_lisible_peu_avec,-0.5
V0399,IA11,0.5436260064330518,10,10_assurés_absents_temps_ne,-0.5
V0400,IA03,0.4625650775900469,5,5_nettement_ief_année_cette,0.5
V0401,IA04,1.050436228132796,6,6_réactif_suivi_transparent_vacants,0.5
V0402,IA09,1.508379536169013,1,1_traitées_rapidement_désormais_par,0.5
V0403,IA09,1.508379536169013,7,7_restent_rapide_faute_vacants,-0.5
V0404,IA01,1.1358119908378483,3,3_retard_sans_notable_organisés,0.5
V0405,IA05,-1.961883486465059,8,8_mois_plusieurs_pourvus_ouverts,-0.5
V0406,IA01,1.1358119908378483,1,1_traitées_rapidement_désormais_par,0.5
V0407,IA01,1.1358119908378483,7,7_restent_rapide_faute_vacants,-0.5
V0408,IA15,-0.5128143979953421,7,7_restent_rapide_faute_vacants,-0.5
V0409,IA14,0.361886464303974,11,11_souvent_rentrée_trop_tard,-0.5
V0410,IA01,1.1358119908378483,12,12_procédures_bloqué_interminables_maîtres,-0.5
V0411,IA06,-0.0988681852641089,5,5_nettement_ief_année_cette,0.5
V0412,IA10,-1.7249192939776967,8,8_mois_plusieurs_pourvus_ouverts,-0.5
V0413,IA07,0.7594385270695994,2,2_fluide_façon_se_fait,0.5
V0414,IA06,-0.0988681852641089,7,7_restent_rapide_faute_vacants,-0.5
V0415,IA08,-0.5589055756131087,11,11_souvent_rentrée_trop_tard,-0.5
V0416,IA09,1.508379536169013,0,0_anticipées_expliquées_affectation_décisions,0.5
V0417,IA04,1.050436228132796,5,5_nettement_ief_année_cette,0.5
V0418,IA04,1.050436228132796,0,0_anticipées_expliquées_affectation_décisions,0.5
V0419,IA05,-1.961883486465059,3,3_retard_sans_notable_organisés,0.5
V0420,IA13,-0.5950300302811243,3,3_retard_sans_notable_organisés,0.5
V0421,IA11,0.5436260064330518,5,5_nettement_ief_année_cette,0.5
V0422,IA10,-1.7249192939776967,4,4_on_claires_sur_informations,0.0
V0423,IA12,0.8036427494500231,3,3_retard_sans_notable_organisés,0.5
V0424,IA01,1.1358119908378483,2,2_fluide_façon_se_fait,0.5
V0425,IA02,-0.6770804424361538,4,4_on_claires_sur_informations,0.0
V0426,IA02,-0.6770804424361538,11,11_souvent_rentrée_trop_tard,-0.5
V0427,IA03,0.4625650775900469,6,6_réactif_suivi_transparent_vacants,0.5
V0428,IA16,-0.4962851679537585,4,4_on_claires_sur_informations,0.0
V0429,IA01,1.1358119908378483,0,0_anticipées_expliquées_affectation_décisions,0.5
V0430,IA02,-0.6770804424361538,0,0_anticipées_expliquées_affectation_décisions,0.5
V0431,IA01,1.1358119908378483,8,8_mois_plusieurs_pourvus_ouverts,-0.5
V0432,IA11,0.5436260064330518,3,3_retard_sans_notable_organisés,0.5
V0433,IA09,1.508379536169013,1,1_traitées_rapidement_désormais_par,0.5
V0434,IA14,0.361886464303974,0,0_anticipées_expliquées_affectation_décisions,0.5
V0435,IA14,0.361886464303974,11,11_souvent_rentrée_trop_tard,-0.5
V0436,IA05,-1.961883486465059,9,9_lente_lisible_peu_avec,-0.5
V0437,IA07,0.7594385270695994,4,4_on_claires_sur_informations,0.0
V0438,IA07,0.7594385270695994,0,0_anticipées_expliquées_affectation_décisions,0.5
V0439,IA10,-1.7249192939776967,0,0_anticipées_expliquées_affectation_décisions,0.5
V0440,IA01,1.1358119908378483,0,0_anticipées_expliquées_affectation_décisions,0.5
V0441,IA04,1.050436228132796,7,7_restent_rapide_faute_vacants,-0.5
V0442,IA06,-0.0988681852641089,1,1_traitées_rapidement_désormais_par,0.5
V0443,IA02,-0.6770804424361538,1,1_traitées_rapidement_désormais_par,0.5
V0444,IA16,-0.4962851679537585,2,2_fluide_façon_se_fait,0.5
V0445,IA15,-0.5128143979953421,8,8_mois_plusieurs_pourvus_ouverts,-0.5
V0446,IA14,0.361886464303974,4,4_on_claires_sur_informations,0.0
V0447,IA09,1.508379536169013,5,5_nettement_ief_année_cette,0.5
V0448,IA11,0.5436260064330518,12,12_procédures_bloqué_interminables_maîtres,-0.5
V0449,IA05,-1.961883486465059,11,11_souvent_rentrée_trop_tard,-0.5
V0450,IA04,1.050436228132796,9,9_lente_lisible_peu_avec,-0.5
V0451,IA13,-0.5950300302811243,0,0_anticipées_expliquées_affectation_décisions,0.5
V0452,IA03,0.4625650775900469,2,2_fluide_façon_se_fait,0.5
V0453,IA12,0.8036427494500231,11,11_souvent_rentrée_trop_tard,-0.5
V0454,IA08,-0.5589055756131087,1,1_traitées_rapidement_désormais_par,0.5
V0455,IA16,-0.4962851679537585,11,11_souvent_rentrée_trop_tard,-0.5
V0456,IA02,-0.6770804424361538,1,1_traitées_rapidement_désormais_par,0.5
V0457,IA12,0.8036427494500231,2,2_fluide_façon_se_fait,0.5
V0458,IA03,0.4625650775900469,4,4_on_claires_sur_informations,0.0
V0459,IA10,-1.7249192939776967,2,2_fluide_façon_se_fait,0.5
V0460,IA02,-0.6770804424361538,0,0_anticipées_expliquées_affectation_décisions,0.5
V0461,IA03,0.4625650775900469,7,7_restent_rapide_faute_vacants,-0.5
V0462,IA14,0.361886464303974,2,2_fluide_façon_se_fait,0.5
V0463,IA12,0.8036427494500231,0,0_anticipées_expliquées_affectation_décisions,0.5
V0464,IA08,-0.5589055756131087,7,7_restent_rapide_faute_vacants,-0.5
V0465,IA04,1.050436228132796,2,2_fluide_façon_se_fait,0.5
V0466,IA04,1.050436228132796,2,2_fluide_façon_se_fait,0.5
V0467,IA05,-1.961883486465059,4,4_on_claires_sur_informations,0.0
V0468,IA14,0.361886464303974,3,3_retard_sans_notable_organisés,0.5
V0469,IA07,0.7594385270695994,8,8_mois_plusieurs_pourvus_ouverts,-0.5
V0470,IA15,-0.5128143979953421,10,10_assurés_absents_temps_ne,-0.5
V0471,IA03,0.4625650775900469,7,7_restent_rapide_faute_vacants,-0.5
V0472,IA11,0.5436260064330518,1,1_traitées_rapidement_désormais_par,0.5
V0473,IA05,-1.961883486465059,0,0_anticipées_expliquées_affectation_décisions,0.5
V0474,IA05,-1.961883486465059,12,12_procédures_bloqué_interminables_maîtres,-0.5
V0475,IA06,-0.0988681852641089,2,2_fluide_façon_se_fait,0.5
V0476,IA15,-0.5128143979953421,0,0_anticipées_expliquées_affectation_décisions,0.5
V0477,IA15,-0.5128143979953421,12,12_procédures_bloqué_interminables_maîtres,-0.5
V0478,IA03,0.4625650775900469,0,0_anticipées_expliquées_affectation_décisions,0.5
V0479,IA07,0.7594385270695994,12,12_procédures_bloqué_interminables_maîtres,-0.5
V0480,IA16,-0.4962851679537585,10,10_assurés_absents_temps_ne,-0.5
V0481,IA08,-0.5589055756131087,8,8_mois_plusieurs_pourvus_ouverts,-0.5
V0482,IA09,1.508379536169013,3,3_retard_sans_notable_organisés,0.5
V0483,IA07,0.7594385270695994,6,6_réactif_suivi_transparent_vacants,0.5
V0484,IA08,-0.5589055756131087,6,6_réactif_suivi_transparent_vacants,0.5
V0485,IA01,1.1358119908378483,5,5_nettement_ief_année_cette,0.5
V0486,IA05,-1.961883486465059,4,4_on_claires_sur_informations,0.0
V0487,IA05,-1.961883486465059,10,10_assurés_absents_temps_ne,-0.5
V0488,IA06,-0.0988681852641089,5,5_nettement_ief_année_cette,0.5
V0489,IA01,1.1358119908378483,11,11_souvent_rentrée_trop_tard,-0.5
V0490,IA12,0.8036427494500231,6,6_réactif_suivi_transparent_vacants,0.5
V0491,IA16,-0.4962851679537585,8,8_mois_plusieurs_pourvus_ouverts,-0.5
V0492,IA09,1.508379536169013,3,3_retard_sans_notable_organisés,0.5
V0493,IA11,0.5436260064330518,9,9_lente_lisible_peu_avec,-0.5
V0494,IA13,-0.5950300302811243,0,0_anticipées_expliquées_affectation_décisions,0.5
V0495,IA14,0.361886464303974,11,11_souvent_rentrée_trop_tard,-0.5
V0496,IA14,0.361886464303974,5,5_nettement_ief_année_cette,0.5
V0497,IA11,0.5436260064330518,7,7_restent_rapide_faute_vacants,-0.5
V0498,IA09,1.508379536169013,2,2_fluide_façon_se_fait,0.5
V0499,IA09,1.508379536169013,8,8_mois_plusieurs_pourvus_ouverts,-0.5
V0500,IA05,-1.961883486465059,7,7_restent_rapide_faute_vacants,-0.5
V0501,IA09,1.508379536169013,6,6_réactif_suivi_transparent_vacants,0.5
V0502,IA04,1.050436228132796,2,2_fluide_façon_se_fait,0.5
V0503,IA10,-1.7249192939776967,0,0_anticipées_expliquées_affectation_décisions,0.5
V0504,IA09,1.508379536169013,1,1_traitées_rapidement_désormais_par,0.5
V0505,IA10,-1.7249192939776967,12,12_procédures_bloqué_interminables_maîtres,-0.5
V0506,IA07,0.7594385270695994,6,6_réactif_suivi_transparent_vacants,0.5
V0507,IA07,0.7594385270695994,0,0_anticipées_expliquées_affectation_décisions,0.5
V0508,IA03,0.4625650775900469,12,12_procédures_bloqué_interminables_maîtres,-0.5
V0509,IA16,-0.4962851679537585,4,4_on_claires_sur_informations,0.0
V0510,IA16,-0.4962851679537585,1,1_traitées_rapidement_désormais_par,0.5
V0511,IA08,-0.5589055756131087,12,12_procédures_bloqué_interminables_maîtres,-0.5
V0512,IA10,-1.7249192939776967,9,9_lente_lisible_peu_avec,-0.5
V0513,IA02,-0.6770804424361538,7,7_restent_rapide_faute_vacants,-0.5
V0514,IA04,1.050436228132796,7,7_restent_rapide_faute_vacants,-0.5
V0515,IA14,0.361886464303974,8,8_mois_plusieurs_pourvus_ouverts,-0.5
V0516,IA12,0.8036427494500231,0,0_anticipées_expliquées_affectation_décisions,0.5
V0517,IA15,-0.5128143979953421,7,7_restent_rapide_faute_vacants,-0.5
V0518,IA03,0.4625650775900469,8,8_mois_plusieurs_pourvus_ouverts,-0.5
V0519,IA06,-0.0988681852641089,6,6_réactif_suivi_transparent_vacants,0.5
V0520,IA06,-0.0988681852641089,8,8_mois_plusieurs_pourvus_ouverts,-0.5
V0521,IA07,0.7594385270695994,5,5_nettement_ief_année_cette,0.5
V0522,IA13,-0.5950300302811243,8,8_mois_plusieurs_pourvus_ouverts,-0.5
V0523,IA08,-0.5589055756131087,8,8_mois_plusieurs_pourvus_ouverts,-0.5
V0524,IA06,-0.0988681852641089,3,3_retard_sans_notable_organisés,0.5
V0525,IA12,0.8036427494500231,6,6_réactif_suivi_transparent_vacants,0.5
V0526,IA09,1.508379536169013,2,2_fluide_façon_se_fait,0.5
V0527,IA12,0.8036427494500231,6,6_réactif_suivi_transparent_vacants,0.5
V0528,IA09,1.508379536169013,2,2_fluide_façon_se_fait,0.5
V0529,IA09,1.508379536169013,5,5_nettement_ief_année_cette,0.5
V0530,IA04,1.050436228132796,2,2_fluide_façon_se_fait,0.5
V0531,IA01,1.1358119908378483,1,1_traitées_rapidement_désormais_par,0.5
V0532,IA05,-1.961883486465059,9,9_lente_lisible_peu_avec,-0.5
V0533,IA08,-0.5589055756131087,2,2_fluide_façon_se_fait,0.5
V0534,IA11,0.5436260064330518,7,7_restent_rapide_faute_vacants,-0.5
V0535,IA15,-0.5128143979953421,3,3_retard_sans_notable_organisés,0.5
V0536,IA05,-1.961883486465059,9,9_lente_lisible_peu_avec,-0.5
V0537,IA11,0.5436260064330518,3,3_retard_sans_notable_organisés,0.5
V0538,IA05,-1.961883486465059,9,9_lente_lisible_peu_avec,-0.5
V0539,IA02,-0.6770804424361538,8,8_mois_plusieurs_pourvus_ouverts,-0.5
V0540,IA13,-0.5950300302811243,9,9_lente_lisible_peu_avec,-0.5
V0541,IA13,-0.5950300302811243,11,11_souvent_rentrée_trop_tard,-0.5
V0542,IA04,1.050436228132796,12,12_procédures_bloqué_interminables_maîtres,-0.5
V0543,IA06,-0.0988681852641089,10,10_assurés_absents_temps_ne,-0.5
V0544,IA06,-0.0988681852641089,7,7_restent_rapide_faute_vacants,-0.5
V0545,IA04,1.050436228132796,2,2_fluide_façon_se_fait,0.5
V0546,IA08,-0.5589055756131087,1,1_traitées_rapidement_désormais_par,0.5
V0547,IA12,0.8036427494500231,3,3_retard_sans_notable_organisés,0.5
V0548,IA11,0.5436260064330518,0,0_anticipées_expliquées_affectation_décisions,0.5
V0549,IA15,-0.5128143979953421,5,5_nettement_ief_année_cette,0.5
V0550,IA16,-0.4962851679537585,4,4_on_claires_sur_informations,0.0
V0551,IA14,0.361886464303974,10,10_assurés_absents_temps_ne,-0.5
V0552,IA06,-0.0988681852641089,1,1_traitées_rapidement_désormais_par,0.5
V0553,IA08,-0.5589055756131087,8,8_mois_plusieurs_pourvus_ouverts,-0.5
V0554,IA03,0.4625650775900469,12,12_procédures_bloqué_interminables_maîtres,-0.5
V0555,IA15,-0.5128143979953421,9,9_lente_lisible_peu_avec,-0.5
V0556,IA05,-1.961883486465059,11,11_souvent_rentrée_trop_tard,-0.5
V0557,IA14,0.361886464303974,6,6_réactif_suivi_transparent_vacants,0.5
V0558,IA13,-0.5950300302811243,4,4_on_claires_sur_informations,0.0
V0559,IA09,1.508379536169013,1,1_traitées_rapidement_désormais_par,0.5
V0560,IA03,0.4625650775900469,2,2_fluide_façon_se_fait,0.5
V0561,IA13,-0.5950300302811243,4,4_on_claires_sur_informations,0.0
V0562,IA04,1.050436228132796,1,1_traitées_rapidement_désormais_par,0.5
V0563,IA03,0.4625650775900469,5,5_nettement_ief_année_cette,0.5
V0564,IA06,-0.0988681852641089,3,3_retard_sans_notable_organisés,0.5
V0565,IA15,-0.5128143979953421,1,1_traitées_rapidement_désormais_par,0.5
V0566,IA12,0.8036427494500231,1,1_traitées_rapidement_désormais_par,0.5
V0567,IA04,1.050436228132796,0,0_anticipées_expliquées_affectation_décisions,0.5
V0568,IA13,-0.5950300302811243,11,11_souvent_rentrée_trop_tard,-0.5
V0569,IA07,0.7594385270695994,5,5_nettement_ief_année_cette,0.5
V0570,IA04,1.050436228132796,4,4_on_claires_sur_informations,0.0
V0571,IA01,1.1358119908378483,3,3_retard_sans_notable_organisés,0.5
V0572,IA07,0.7594385270695994,0,0_anticipées_expliquées_affectation_décisions,0.5
V0573,IA04,1.050436228132796,4,4_on_claires_sur_informations,0.0
V0574,IA01,1.1358119908378483,0,0_anticipées_expliquées_affectation_décisions,0.5
V0575,IA10,-1.7249192939776967,12,12_procédures_bloqué_interminables_maîtres,-0.5
V0576,IA11,0.5436260064330518,1,1_traitées_rapidement_désormais_par,0.5
V0577,IA13,-0.5950300302811243,9,9_lente_lisible_peu_avec,-0.5
V0578,IA08,-0.5589055756131087,7,7_restent_rapide_faute_vacants,-0.5
V0579,IA12,0.8036427494500231,1,1_traitées_rapidement_désormais_par,0.5
V0580,IA16,-0.4962851679537585,9,9_lente_lisible_peu_avec,-0.5
V0581,IA09,1.508379536169013,4,4_on_claires_sur_informations,0.0
V0582,IA15,-0.5128143979953421,1,1_traitées_rapidement_désormais_par,0.5
V0583,IA03,0.4625650775900469,3,3_retard_sans_notable_organisés,0.5
V0584,IA14,0.361886464303974,10,10_assurés_absents_temps_ne,-0.5
V0585,IA04,1.050436228132796,4,4_on_claires_sur_informations,0.0
V0586,IA02,-0.6770804424361538,11,11_souvent_rentrée_trop_tard,-0.5
V0587,IA03,0.4625650775900469,2,2_fluide_façon_se_fait,0.5
V0588,IA05,-1.961883486465059,8,8_mois_plusieurs_pourvus_ouverts,-0.5
V0589,IA08,-0.5589055756131087,10,10_assurés_absents_temps_ne,-0.5
V0590,IA14,0.361886464303974,2,2_fluide_façon_se_fait,0.5
V0591,IA13,-0.5950300302811243,8,8_mois_plusieurs_pourvus_ouverts,-0.5
V0592,IA05,-1.961883486465059,8,8_mois_plusieurs_pourvus_ouverts,-0.5
V0593,IA03,0.4625650775900469,9,9_lente_lisible_peu_avec,-0.5
V0594,IA12,0.8036427494500231,3,3_retard_sans_notable_organisés,0.5
V0595,IA04,1.050436228132796,3,3_retard_sans_notable_organisés,0.5
V0596,IA01,1.1358119908378483,3,3_retard_sans_notable_organisés,0.5
V0597,IA12,0.8036427494500231,7,7_restent_rapide_faute_vacants,-0.5
V0598,IA01,1.1358119908378483,2,2_fluide_façon_se_fait,0.5
V0599,IA06,-0.0988681852641089,4,4_on_claires_sur_informations,0.0
V0600,IA01,1.1358119908378483,3,3_retard_sans_notable_organisés,0.5
V0601,IA02,-0.6770804424361538,8,8_mois_plusieurs_pourvus_ouverts,-0.5
V0602,IA06,-0.0988681852641089,6,6_réactif_suivi_transparent_vacants,0.5
V0603,IA04,1.050436228132796,11,11_souvent_rentrée_trop_tard,-0.5
V0604,IA14,0.361886464303974,2,2_fluide_façon_se_fait,0.5
V0605,IA11,0.5436260064330518,6,6_réactif_suivi_transparent_vacants,0.5
V0606,IA15,-0.5128143979953421,2,2_fluide_façon_se_fait,0.5
V0607,IA02,-0.6770804424361538,8,8_mois_plusieurs_pourvus_ouverts,-0.5
V0608,IA06,-0.0988681852641089,12,12_procédures_bloqué_interminables_maîtres,-0.5
V0609,IA14,0.361886464303974,1,1_traitées_rapidement_désormais_par,0.5
V0610,IA06,-0.0988681852641089,0,0_anticipées_expliquées_affectation_décisions,0.5
V0611,IA06,-0.0988681852641089,1,1_traitées_rapidement_désormais_par,0.5
V0612,IA02,-0.6770804424361538,9,9_lente_lisible_peu_avec,-0.5
V0613,IA03,0.4625650775900469,5,5_nettement_ief_année_cette,0.5
V0614,IA16,-0.4962851679537585,4,4_on_claires_sur_informations,0.0
V0615,IA05,-1.961883486465059,8,8_mois_plusieurs_pourvus_ouverts,-0.5
V0616,IA09,1.508379536169013,7,7_restent_rapide_faute_vacants,-0.5
V0617,IA08,-0.5589055756131087,6,6_réactif_suivi_transparent_vacants,0.5
V0618,IA02,-0.6770804424361538,4,4_on_claires_sur_informations,0.0
V0619,IA16,-0.4962851679537585,8,8_mois_plusieurs_pourvus_ouverts,-0.5
V0620,IA04,1.050436228132796,0,0_anticipées_expliquées_affectation_décisions,0.5
V0621,IA08,-0.5589055756131087,11,11_souvent_rentrée_trop_tard,-0.5
V0622,IA16,-0.4962851679537585,6,6_réactif_suivi_transparent_vacants,0.5
V0623,IA05,-1.961883486465059,7,7_restent_rapide_faute_vacants,-0.5
V0624,IA02,-0.6770804424361538,7,7_restent_rapide_faute_vacants,-0.5
V0625,IA16,-0.4962851679537585,2,2_fluide_façon_se_fait,0.5
V0626,IA05,-1.961883486465059,10,10_assurés_absents_temps_ne,-0.5
V0627,IA14,0.361886464303974,0,0_anticipées_expliquées_affectation_décisions,0.5
V0628,IA11,0.5436260064330518,5,5_nettement_ief_année_cette,0.5
V0629,IA14,0.361886464303974,5,5_nettement_ief_année_cette,0.5
V0630,IA01,1.1358119908378483,0,0_anticipées_expliquées_affectation_décisions,0.5
V0631,IA06,-0.0988681852641089,5,5_nettement_ief_année_cette,0.5
V0632,IA05,-1.961883486465059,9,9_lente_lisible_peu_avec,-0.5
V0633,IA05,-1.961883486465059,11,11_souvent_rentrée_trop_tard,-0.5
V0634,IA12,0.8036427494500231,10,10_assurés_absents_temps_ne,-0.5
V0635,IA11,0.5436260064330518,6,6_réactif_suivi_transparent_vacants,0.5
V0636,IA07,0.7594385270695994,3,3_retard_sans_notable_organisés,0.5
V0637,IA07,0.7594385270695994,2,2_fluide_façon_se_fait,0.5
V0638,IA03,0.4625650775900469,4,4_on_claires_sur_informations,0.0
V0639,IA04,1.050436228132796,1,1_traitées_rapidement_désormais_par,0.5
V0640,IA11,0.5436260064330518,2,2_fluide_façon_se_fait,0.5
V0641,IA16,-0.4962851679537585,3,3_retard_sans_notable_organisés,0.5
V0642,IA10,-1.7249192939776967,9,9_lente_lisible_peu_avec,-0.5
V0643,IA07,0.7594385270695994,2,2_fluide_façon_se_fait,0.5
V0644,IA02,-0.6770804424361538,11,11_souvent_rentrée_trop_tard,-0.5
V0645,IA09,1.508379536169013,6,6_réactif_suivi_transparent_vacants,0.5
V0646,IA05,-1.961883486465059,7,7_restent_rapide_faute_vacants,-0.5
V0647,IA15,-0.5128143979953421,5,5_nettement_ief_année_cette,0.5
V0648,IA01,1.1358119908378483,1,1_traitées_rapidement_désormais_par,0.5
V0649,IA01,1.1358119908378483,12,12_procédures_bloqué_interminables_maîtres,-0.5
V0650,IA09,1.508379536169013,12,12_procédures_bloqué_interminables_maîtres,-0.5
V0651,IA15,-0.5128143979953421,9,9_lente_lisible_peu_avec,-0.5
V0652,IA06,-0.0988681852641089,0,0_anticipées_expliquées_affectation_décisions,0.5
V0653,IA15,-0.5128143979953421,4,4_on_claires_sur_informations,0.0
V0654,IA13,-0.5950300302811243,10,10_assurés_absents_temps_ne,-0.5
V0655,IA02,-0.6770804424361538,8,8_mois_plusieurs_pourvus_ouverts,-0.5
V0656,IA11,0.5436260064330518,10,10_assurés_absents_temps_ne,-0.5
V0657,IA12,0.8036427494500231,1,1_traitées_rapidement_désormais_par,0.5
V0658,IA09,1.508379536169013,6,6_réactif_suivi_transparent_vacants,0.5
V0659,IA13,-0.5950300302811243,7,7_restent_rapide_faute_vacants,-0.5
V0660,IA11,0.5436260064330518,7,7_restent_rapide_faute_vacants,-0.5
V0661,IA04,1.050436228132796,2,2_fluide_façon_se_fait,0.5
V0662,IA06,-0.0988681852641089,8,8_mois_plusieurs_pourvus_ouverts,-0.5
V0663,IA01,1.1358119908378483,2,2_fluide_façon_se_fait,0.5
V0664,IA16,-0.4962851679537585,4,4_on_claires_sur_informations,0.0
V0665,IA04,1.050436228132796,7,7_restent_rapide_faute_vacants,-0.5
V0666,IA12,0.8036427494500231,5,5_nettement_ief_année_cette,0.5
V0667,IA03,0.4625650775900469,8,8_mois_plusieurs_pourvus_ouverts,-0.5
V0668,IA08,-0.5589055756131087,10,10_assurés_absents_temps_ne,-0.5
V0669,IA15,-0.5128143979953421,4,4_on_claires_sur_informations,0.0
V0670,IA02,-0.6770804424361538,1,1_traitées_rapidement_désormais_par,0.5
V0671,IA12,0.8036427494500231,5,5_nettement_ief_année_cette,0.5
V0672,IA12,0.8036427494500231,2,2_fluide_façon_se_fait,0.5
V0673,IA03,0.4625650775900469,7,7_restent_rapide_faute_vacants,-0.5
V0674,IA10,-1.7249192939776967,4,4_on_claires_sur_informations,0.0
V0675,IA08,-0.5589055756131087,9,9_lente_lisible_peu_avec,-0.5
V0676,IA03,0.4625650775900469,0,0_anticipées_expliquées_affectation_décisions,0.5
V0677,IA11,0.5436260064330518,8,8_mois_plusieurs_pourvus_ouverts,-0.5
V0678,IA12,0.8036427494500231,0,0_anticipées_expliquées_affectation_décisions,0.5
V0679,IA06,-0.0988681852641089,2,2_fluide_façon_se_fait,0.5
V0680,IA04,1.050436228132796,11,11_souvent_rentrée_trop_tard,-0.5
V0681,IA03,0.4625650775900469,5,5_nettement_ief_année_cette,0.5
V0682,IA03,0.4625650775900469,1,1_traitées_rapidement_désormais_par,0.5
V0683,IA03,0.4625650775900469,6,6_réactif_suivi_transparent_vacants,0.5
V0684,IA05,-1.961883486465059,10,10_assurés_absents_temps_ne,-0.5
V0685,IA13,-0.5950300302811243,2,2_fluide_façon_se_fait,0.5
V0686,IA11,0.5436260064330518,3,3_retard_sans_notable_organisés,0.5
V0687,IA06,-0.0988681852641089,10,10_assurés_absents_temps_ne,-0.5
V0688,IA11,0.5436260064330518,1,1_traitées_rapidement_désormais_par,0.5
V0689,IA15,-0.5128143979953421,7,7_restent_rapide_faute_vacants,-0.5
V0690,IA08,-0.5589055756131087,0,0_anticipées_expliquées_affectation_décisions,0.5
V0691,IA02,-0.6770804424361538,5,5_nettement_ief_année_cette,0.5
V0692,IA02,-0.6770804424361538,4,4_on_claires_sur_informations,0.0
V0693,IA12,0.8036427494500231,3,3_retard_sans_notable_organisés,0.5
V0694,IA07,0.7594385270695994,3,3_retard_sans_notable_organisés,0.5
V0695,IA09,1.508379536169013,0,0_anticipées_expliquées_affectation_décisions,0.5
V0696,IA14,0.361886464303974,2,2_fluide_façon_se_fait,0.5
V0697,IA08,-0.5589055756131087,10,10_assurés_absents_temps_ne,-0.5
V0698,IA11,0.5436260064330518,11,11_souvent_rentrée_trop_tard,-0.5
V0699,IA10,-1.7249192939776967,10,10_assurés_absents_temps_ne,-0.5
V0700,IA04,1.050436228132796,0,0_anticipées_expliquées_affectation_décisions,0.5
V0701,IA13,-0.5950300302811243,0,0_anticipées_expliquées_affectation_décisions,0.5
V0702,IA14,0.361886464303974,1,1_traitées_rapidement_désormais_par,0.5
V0703,IA13,-0.5950300302811243,10,10_assurés_absents_temps_ne,-0.5
V0704,IA09,1.508379536169013,3,3_retard_sans_notable_organisés,0.5
V0705,IA10,-1.7249192939776967,11,11_souvent_rentrée_trop_tard,-0.5
V0706,IA15,-0.5128143979953421,5,5_nettement_ief_année_cette,0.5
V0707,IA07,0.7594385270695994,9,9_lente_lisible_peu_avec,-0.5
V0708,IA04,1.050436228132796,1,1_traitées_rapidement_désormais_par,0.5
V0709,IA09,1.508379536169013,0,0_anticipées_expliquées_affectation_décisions,0.5
V0710,IA08,-0.5589055756131087,1,1_traitées_rapidement_désormais_par,0.5
V0711,IA03,0.4625650775900469,5,5_nettement_ief_année_cette,0.5
V0712,IA14,0.361886464303974,5,5_nettement_ief_année_cette,0.5
V0713,IA03,0.4625650775900469,12,12_procédures_bloqué_interminables_maîtres,-0.5
V0714,IA15,-0.5128143979953421,1,1_traitées_rapidement_désormais_par,0.5
V0715,IA08,-0.5589055756131087,12,12_procédures_bloqué_interminables_maîtres,-0.5
V0716,IA10,-1.7249192939776967,4,4_on_claires_sur_informations,0.0
V0717,IA04,1.050436228132796,3,3_retard_sans_notable_organisés,0.5
V0718,IA12,0.8036427494500231,5,5_nettement_ief_année_cette,0.5
V0719,IA03,0.4625650775900469,6,6_réactif_suivi_transparent_vacants,0.5
V0720,IA10,-1.7249192939776967,4,4_on_claires_sur_informations,0.0
V0721,IA09,1.508379536169013,9,9_lente_lisible_peu_avec,-0.5
V0722,IA09,1.508379536169013,6,6_réactif_suivi_transparent_vacants,0.5
V0723,IA07,0.7594385270695994,1,1_traitées_rapidement_désormais_par,0.5
V0724,IA03,0.4625650775900469,6,6_réactif_suivi_transparent_vacants,0.5
V0725,IA13,-0.5950300302811243,12,12_procédures_bloqué_interminables_maîtres,-0.5
V0726,IA03,0.4625650775900469,5,5_nettement_ief_année_cette,0.5
V0727,IA07,0.7594385270695994,5,5_nettement_ief_année_cette,0.5
V0728,IA16,-0.4962851679537585,10,10_assurés_absents_temps_ne,-0.5
V0729,IA15,-0.5128143979953421,3,3_retard_sans_notable_organisés,0.5
V0730,IA03,0.4625650775900469,12,12_procédures_bloqué_interminables_maîtres,-0.5
V0731,IA10,-1.7249192939776967,7,7_restent_rapide_faute_vacants,-0.5
V0732,IA11,0.5436260064330518,3,3_retard_sans_notable_organisés,0.5
V0733,IA11,0.5436260064330518,3,3_retard_sans_notable_organisés,0.5
V0734,IA09,1.508379536169013,3,3_retard_sans_notable_organisés,0.5
V0735,IA13,-0.5950300302811243,6,6_réactif_suivi_transparent_vacants,0.5
V0736,IA14,0.361886464303974,1,1_traitées_rapidement_désormais_par,0.5
V0737,IA11,0.5436260064330518,9,9_lente_lisible_peu_avec,-0.5
V0738,IA04,1.050436228132796,5,5_nettement_ief_année_cette,0.5
V0739,IA04,1.050436228132796,6,6_réactif_suivi_transparent_vacants,0.5
V0740,IA12,0.8036427494500231,10,10_assurés_absents_temps_ne,-0.5
V0741,IA10,-1.7249192939776967,8,8_mois_plusieurs_pourvus_ouverts,-0.5
V0742,IA10,-1.7249192939776967,11,11_souvent_rentrée_trop_tard,-0.5
V0743,IA03,0.4625650775900469,1,1_traitées_rapidement_désormais_par,0.5
V0744,IA14,0.361886464303974,6,6_réactif_suivi_transparent_vacants,0.5
V0745,IA14,0.361886464303974,10,10_assurés_absents_temps_ne,-0.5
V0746,IA01,1.1358119908378483,6,6_réactif_suivi_transparent_vacants,0.5
V0747,IA07,0.7594385270695994,7,7_restent_rapide_faute_vacants,-0.5
V0748,IA05,-1.961883486465059,12,12_procédures_bloqué_interminables_maîtres,-0.5
V0749,IA12,0.8036427494500231,6,6_réactif_suivi_transparent_vacants,0.5
V0750,IA03,0.4625650775900469,0,0_anticipées_expliquées_affectation_décisions,0.5
V0751,IA03,0.4625650775900469,2,2_fluide_façon_se_fait,0.5
V0752,IA09,1.508379536169013,1,1_traitées_rapidement_désormais_par,0.5
V0753,IA14,0.361886464303974,5,5_nettement_ief_année_cette,0.5
V0754,IA14,0.361886464303974,4,4_on_claires_sur_informations,0.0
V0755,IA09,1.508379536169013,2,2_fluide_façon_se_fait,0.5
V0756,IA13,-0.5950300302811243,8,8_mois_plusieurs_pourvus_ouverts,-0.5
V0757,IA14,0.361886464303974,0,0_anticipées_expliquées_affectation_décisions,0.5
V0758,IA05,-1.961883486465059,7,7_restent_rapide_faute_vacants,-0.5
V0759,IA02,-0.6770804424361538,1,1_traitées_rapidement_désormais_par,0.5
V0760,IA14,0.361886464303974,1,1_traitées_rapidement_désormais_par,0.5
V0761,IA10,-1.7249192939776967,10,10_assurés_absents_temps_ne,-0.5
V0762,IA03,0.4625650775900469,4,4_on_claires_sur_informations,0.0
V0763,IA15,-0.5128143979953421,12,12_procédures_bloqué_interminables_maîtres,-0.5
V0764,IA02,-0.6770804424361538,12,12_procédures_bloqué_interminables_maîtres,-0.5
V0765,IA07,0.7594385270695994,0,0_anticipées_expliquées_affectation_décisions,0.5
V0766,IA10,-1.7249192939776967,3,3_retard_sans_notable_organisés,0.5
V0767,IA03,0.4625650775900469,0,0_anticipées_expliquées_affectation_décisions,0.5
V0768,IA09,1.508379536169013,10,10_assurés_absents_temps_ne,-0.5
V0769,IA02,-0.6770804424361538,11,11_souvent_rentrée_trop_tard,-0.5
V0770,IA07,0.7594385270695994,5,5_nettement_ief_année_cette,0.5
V0771,IA03,0.4625650775900469,6,6_réactif_suivi_transparent_vacants,0.5
V0772,IA08,-0.5589055756131087,7,7_restent_rapide_faute_vacants,-0.5
V0773,IA08,-0.5589055756131087,11,11_souvent_rentrée_trop_tard,-0.5
V0774,IA04,1.050436228132796,5,5_nettement_ief_année_cette,0.5
V0775,IA09,1.508379536169013,0,0_anticipées_expliquées_affectation_décisions,0.5
V0776,IA01,1.1358119908378483,8,8_mois_plusieurs_pourvus_ouverts,-0.5
V0777,IA09,1.508379536169013,3,3_retard_sans_notable_organisés,0.5
V0778,IA11,0.5436260064330518,6,6_réactif_suivi_transparent_vacants,0.5
V0779,IA06,-0.0988681852641089,12,12_procédures_bloqué_interminables_maîtres,-0.5
V0780,IA10,-1.7249192939776967,7,7_restent_rapide_faute_vacants,-0.5
V0781,IA10,-1.7249192939776967,12,12_procédures_bloqué_interminables_maîtres,-0.5
V0782,IA03,0.4625650775900469,12,12_procédures_bloqué_interminables_maîtres,-0.5
V0783,IA03,0.4625650775900469,0,0_anticipées_expliquées_affectation_décisions,0.5
V0784,IA01,1.1358119908378483,3,3_retard_sans_notable_organisés,0.5
V0785,IA07,0.7594385270695994,2,2_fluide_façon_se_fait,0.5
V0786,IA09,1.508379536169013,0,0_anticipées_expliquées_affectation_décisions,0.5
V0787,IA01,1.1358119908378483,2,2_fluide_façon_se_fait,0.5
V0788,IA01,1.1358119908378483,4,4_on_claires_sur_informations,0.0
V0789,IA04,1.050436228132796,2,2_fluide_façon_se_fait,0.5
V0790,IA14,0.361886464303974,9,9_lente_lisible_peu_avec,-0.5
V0791,IA11,0.5436260064330518,3,3_retard_sans_notable_organisés,0.5
V0792,IA03,0.4625650775900469,0,0_anticipées_expliquées_affectation_décisions,0.5
V0793,IA16,-0.4962851679537585,0,0_anticipées_expliquées_affectation_décisions,0.5
V0794,IA02,-0.6770804424361538,3,3_retard_sans_notable_organisés,0.5
V0795,IA15,-0.5128143979953421,5,5_nettement_ief_année_cette,0.5
V0796,IA16,-0.4962851679537585,1,1_traitées_rapidement_désormais_par,0.5
V0797,IA11,0.5436260064330518,11,11_souvent_rentrée_trop_tard,-0.5
V0798,IA16,-0.4962851679537585,8,8_mois_plusieurs_pourvus_ouverts,-0.5
V0799,IA04,1.050436228132796,12,12_procédures_bloqué_interminables_maîtres,-0.5
V0800,IA12,0.8036427494500231,3,3_retard_sans_notable_organisés,0.5
