doc_id,date,phase,topic,max_prob
ECB_20150128_pre,2015-01-28,low_rate,0,0.727135286854279
ECB_20150130_pol,2015-01-30,low_rate,0,1.0
ECB_20150117_acc,2015-01-17,low_rate,0,0.5000176010357215
ECB_20150402_pre,2015-04-02,low_rate,0,0.7526896014349588
ECB_20150428_pol,2015-04-28,low_rate,0,0.9065000964028505
ECB_20150406_acc,2015-04-06,low_rate,0,1.0
ECB_20150716_pre,2015-07-16,low_rate,0,0.4767074311085036
ECB_20150708_pol,2015-07-08,low_rate,0,0.7437111479763954
ECB_20150703_acc,2015-07-03,low_rate,0,0.8267127492658259
ECB_20150930_pre,2015-09-30,low_rate,0,1.0
ECB_20151007_pol,2015-10-07,low_rate,4,0.5608024546270098
ECB_20151020_acc,2015-10-20,low_rate,4,1.0
ECB_20160119_pre,2016-01-19,low_rate,0,0.8694970042865287
ECB_20160116_pol,2016-01-16,low_rate,0,1.0
ECB_20160102_acc,2016-01-02,low_rate,0,0.34941252866781236
ECB_20160423_pre,2016-04-23,low_rate,4,0.4249611490349687
ECB_20160401_pol,2016-04-01,low_rate,0,0.7947619960977013
ECB_20160403_acc,2016-04-03,low_rate,4,0.43907283786961127
ECB_20160728_pre,2016-07-28,low_rate,0,1.0
ECB_20160711_pol,2016-07-11,low_rate,0,1.0
ECB_20160713_acc,2016-07-13,low_rate,0,1.0
ECB_20161024_pre,2016-10-24,low_rate,0,0.6227714057767842
ECB_20161009_pol,2016-10-09,low_rate,0,0.34357066406445336
ECB_20161010_acc,2016-10-10,low_rate,0,0.699216873502911
ECB_20170127_pre,2017-01-27,low_rate,4,0.337425539752691
ECB_20170115_pol,2017-01-15,low_rate,4,1.0
ECB_20170118_acc,2017-01-18,low_rate,0,1.0
ECB_20170421_pre,2017-04-21,low_rate,0,0.7385108984531112
ECB_20170411_pol,2017-04-11,low_rate,0,1.0
ECB_20170425_acc,2017-04-25,low_rate,0,0.512050068509986
ECB_20170721_pre,2017-07-21,low_rate,0,0.8183122267583385
ECB_20170723_pol,2017-07-23,low_rate,0,1.0
ECB_20170722_acc,2017-07-22,low_rate,0,0.8246580606162284
ECB_20171022_pre,2017-10-22,low_rate,0,0.7751188972957116
ECB_20171024_pol,2017-10-24,low_rate,0,0.8215465306620143
ECB_20171012_acc,2017-10-12,low_rate,0,0.44117559595631606
ECB_20180124_pre,2018-01-24,low_rate,0,0.7375544284574614
ECB_20180129_pol,2018-01-29,low_rate,0,1.0
ECB_20180124_acc,2018-01-24,low_rate,0,1.0
ECB_20180425_pre,2018-04-25,low_rate,4,0.5942860650793816
ECB_20180419_pol,2018-04-19,low_rate,0,1.0
ECB_20180418_acc,2018-04-18,low_rate,0,0.6663919772812733
ECB_20180705_pre,2018-07-05,low_rate,0,0.8005116710615978
ECB_20180722_pol,2018-07-22,low_rate,0,0.37129178576916677
ECB_20180703_acc,2018-07-03,low_rate,0,0.8947909776689817
ECB_20181007_pre,2018-10-07,low_rate,4,0.3740538259134354
ECB_20181002_pol,2018-10-02,low_rate,4,0.23003234795136412
ECB_20181015_acc,2018-10-15,low_rate,0,0.47881230990177587
ECB_20190101_pre,2019-01-01,low_rate,0,1.0
ECB_20190101_pol,2019-01-01,low_rate,0,0.6747647737562665
ECB_20190123_acc,2019-01-23,low_rate,0,0.7368383527395108
ECB_20190407_pre,2019-04-07,low_rate,0,1.0
ECB_20190331_pol,2019-03-31,low_rate,4,1.0
ECB_20190429_acc,2019-04-29,low_rate,0,0.8205419679870318
ECB_20190705_pre,2019-07-05,low_rate,0,0.4713139808759129
ECB_20190722_pol,2019-07-22,low_rate,0,1.0
ECB_20190720_acc,2019-07-20,low_rate,0,1.0
ECB_20191006_pre,2019-10-06,low_rate,0,0.824115800599273
ECB_20191030_pol,2019-10-30,low_rate,0,0.8524929506131679
ECB_20191006_acc,2019-10-06,low_rate,0,0.8380764207080101
ECB_20200114_pre,2020-01-14,covid,3,1.0
ECB_20200118_pol,2020-01-18,covid,3,0.4667265985531429
ECB_20200108_acc,2020-01-08,covid,3,0.4640690418213631
ECB_20200409_pre,2020-04-09,covid,3,0.4692865045768336
ECB_20200405_pol,2020-04-05,covid,3,0.4439454762172292
ECB_20200410_acc,2020-04-10,covid,3,0.45641769418006783
ECB_20200723_pre,2020-07-23,covid,3,0.45533727226880993
ECB_20200712_pol,2020-07-12,covid,3,1.0
ECB_20200713_acc,2020-07-13,covid,3,1.0
ECB_20201014_pre,2020-10-14,covid,3,0.44077748068021194
ECB_20201017_pol,2020-10-17,covid,3,1.0
ECB_20201012_acc,2020-10-12,covid,3,0.4741907302057967
ECB_20210104_pre,2021-01-04,covid,3,0.4669665872246567
ECB_20210104_pol,2021-01-04,covid,3,0.4464235895246712
ECB_20210107_acc,2021-01-07,covid,3,0.44022588600221535
ECB_20210609_pre,2021-06-09,inflation_surge,1,0.861315336320731
ECB_20210626_pol,2021-06-26,inflation_surge,1,0.5161918322813698
ECB_20210619_acc,2021-06-19,inflation_surge,1,0.5987294805265899
ECB_20210914_pre,2021-09-14,inflation_surge,1,0.8150644374234182
ECB_20210912_pol,2021-09-12,inflation_surge,1,1.0
ECB_20210906_acc,2021-09-06,inflation_surge,1,1.0
ECB_20211228_pre,2021-12-28,inflation_surge,1,0.42896295212690155
ECB_20211130_pol,2021-11-30,inflation_surge,1,0.4113504580429222
ECB_20211225_acc,2021-12-25,inflation_surge,1,0.4838999787052679
ECB_20220330_pre,2022-03-30,inflation_surge,1,0.33828293418958044
ECB_20220330_pol,2022-03-30,inflation_surge,1,0.7769890104176641
ECB_20220306_acc,2022-03-06,inflation_surge,1,0.674845229599447
ECB_20220603_pre,2022-06-03,inflation_surge,1,0.45274372545808633
ECB_20220601_pol,2022-06-01,inflation_surge,1,1.0
ECB_20220608_acc,2022-06-08,inflation_surge,1,1.0
ECB_20220906_pre,2022-09-06,inflation_surge,1,0.514044303452621
ECB_20220904_pol,2022-09-04,inflation_surge,1,0.6028404351506977
ECB_20220904_acc,2022-09-04,inflation_surge,1,1.0
ECB_20221130_pre,2022-11-30,inflation_surge,1,0.5052871724663504
ECB_20221203_pol,2022-12-03,inflation_surge,1,1.0
ECB_20221206_acc,2022-12-06,inflation_surge,1,0.3471821083870782
ECB_20230328_pre,2023-03-28,inflation_surge,1,0.3515700391557962
ECB_20230308_pol,2023-03-08,inflation_surge,1,0.5032921165008895
ECB_20230325_acc,2023-03-25,inflation_surge,1,0.682520091208794
ECB_20230610_pre,2023-06-10,inflation_surge,1,0.8679143847077428
ECB_20230614_pol,2023-06-14,inflation_surge,1,0.45317111042932684
ECB_20230531_acc,2023-05-31,inflation_surge,1,0.41162350183779944
ECB_20230928_pre,2023-09-28,normalisation,2,0.7142498179339404
ECB_20230904_pol,2023-09-04,normalisation,2,0.8060412272591807
ECB_20230930_acc,2023-09-30,normalisation,2,0.9307475309198194
ECB_20231213_pre,2023-12-13,normalisation,2,1.0
ECB_20231219_pol,2023-12-19,normalisation,2,1.0
ECB_20231230_acc,2023-12-30,normalisation,2,0.8295251421670475
ECB_20240318_pre,2024-03-18,normalisation,2,0.6152856841724915
ECB_20240308_pol,2024-03-08,normalisation,2,0.5484749763348794
ECB_20240319_acc,2024-03-19,normalisation,2,1.0
ECB_20240614_pre,2024-06-14,normalisation,2,1.0
ECB_20240625_pol,2024-06-25,normalisation,2,0.8440331715105476
ECB_20240630_acc,2024-06-30,normalisation,2,0.8746818072246281
ECB_20240903_pre,2024-09-03,normalisation,2,0.5087586188118619
ECB_20240925_pol,2024-09-25,normalisation,2,0.7654588295713941
ECB_20240925_acc,2024-09-25,normalisation,2,1.0
ECB_20241205_pre,2024-12-05,normalisation,2,0.8854823448086335
ECB_20241225_pol,2024-12-25,normalisation,2,1.0
ECB_20241205_acc,2024-12-05,normalisation,2,0.5523245838219452
