"doc_id","date","quarter","phase","statement_type","text","llm_score","llm_justification","llm_status"
"ECB_20150128_pre",2015-01-28,"2015 Q1","low_rate","press_conf","economic recovery continues at a moderate pace. inflation remains well below our target of two percent. price pressures remain subdued reflecting low energy prices. the accommodative monetary policy stance supports the recovery. global trade tensions have increased uncertainty. risks to the growth outlook remain broadly balanced",-0.2,"The statement reflects a cautious tone due to persistent sub-target inflation and heightened global uncertainty, despite the acknowledgment of a moderate recovery and balanced growth risks.","success"
"ECB_20150130_pol",2015-01-30,"2015 Q1","low_rate","policy_statement","growth momentum remains resilient despite global uncertainties. business investment has strengthened gradually. price pressures remain subdued reflecting low energy prices. core inflation has yet to show sustained signs of convergence. the governing council decided to keep interest rates unchanged. geopolitical uncertainties continue to pose downside risks. global trade tensions have increased uncertainty",-0.2,"While the statement acknowledges resilient growth and investment, the emphasis on subdued inflation, lack of convergence, and persistent geopolitical and trade-related downside risks creates a cautious, wait-and-see tone.","success"
"ECB_20150117_acc",2015-01-17,"2015 Q1","low_rate","account","growth momentum remains resilient despite global uncertainties. economic recovery continues at a moderate pace. core inflation has yet to show sustained signs of convergence. net asset purchases will continue as long as necessary. the accommodative monetary policy stance supports the recovery. global trade tensions have increased uncertainty",0.2,"The statement balances a positive outlook on growth and the supportive nature of current policy with cautious language regarding persistent inflation and rising global trade uncertainties.","success"
"ECB_20150402_pre",2015-04-02,"2015 Q2","low_rate","press_conf","growth momentum remains resilient despite global uncertainties. core inflation has yet to show sustained signs of convergence. our asset purchase programme continues at the current monthly pace. net asset purchases will continue as long as necessary. global trade tensions have increased uncertainty",-0.2,"The statement balances resilient growth against persistent inflation concerns and heightened global uncertainty, resulting in a slightly cautious, data-dependent stance.","success"
"ECB_20150428_pol",2015-04-28,"2015 Q2","low_rate","policy_statement","economic recovery continues at a moderate pace. inflation remains well below our target of two percent. core inflation has yet to show sustained signs of convergence. our asset purchase programme continues at the current monthly pace. global trade tensions have increased uncertainty",-0.4,"The statement reflects a cautious tone by highlighting persistent inflation shortfalls, the lack of core price momentum, and heightened external uncertainty, which collectively signal a dovish, accommodative policy bias.","success"
"ECB_20150406_acc",2015-04-06,"2015 Q2","low_rate","account","growth momentum remains resilient despite global uncertainties. inflation remains well below our target of two percent. core inflation has yet to show sustained signs of convergence. net asset purchases will continue as long as necessary. global trade tensions have increased uncertainty. protectionist threats warrant close monitoring",-0.4,"The statement reflects a dovish bias, emphasizing persistent inflation undershooting and significant external risks that necessitate continued monetary accommodation.","success"
"ECB_20150716_pre",2015-07-16,"2015 Q3","low_rate","press_conf","economic recovery continues at a moderate pace. the euro area economy expanded in line with expectations. inflation remains well below our target of two percent. the governing council decided to keep interest rates unchanged. global trade tensions have increased uncertainty",-0.3,"The statement reflects a cautious tone by highlighting persistent inflation undershooting and rising global trade uncertainties, which outweigh the moderate pace of economic recovery.","success"
"ECB_20150708_pol",2015-07-08,"2015 Q3","low_rate","policy_statement","domestic demand remains the main driver of growth. economic recovery continues at a moderate pace. price pressures remain subdued reflecting low energy prices. the governing council decided to keep interest rates unchanged. the accommodative monetary policy stance supports the recovery. geopolitical uncertainties continue to pose downside risks. risks to the growth outlook remain broadly balanced",0.2,"The statement maintains a balanced outlook with a slightly positive bias, as it acknowledges a moderate recovery supported by an accommodative policy stance while tempering optimism with references to geopolitical risks.","success"
"ECB_20150703_acc",2015-07-03,"2015 Q3","low_rate","account","the euro area economy expanded in line with expectations. core inflation has yet to show sustained signs of convergence. underlying inflation continues to lack a convincing upward trend. the accommodative monetary policy stance supports the recovery. protectionist threats warrant close monitoring",0.2,"The statement balances a positive assessment of economic recovery and supportive policy with cautious language regarding persistent inflation weakness and external protectionist risks.","success"
"ECB_20150930_pre",2015-09-30,"2015 Q3","low_rate","press_conf","domestic demand remains the main driver of growth. inflation remains well below our target of two percent. core inflation has yet to show sustained signs of convergence. the accommodative monetary policy stance supports the recovery. risks to the growth outlook remain broadly balanced",0.2,"The statement maintains an accommodative stance to support recovery while acknowledging persistent inflation shortfalls, resulting in a slightly dovish but balanced outlook.","success"
"ECB_20151007_pol",2015-10-07,"2015 Q4","low_rate","policy_statement","business investment has strengthened gradually. inflation remains well below our target of two percent. core inflation has yet to show sustained signs of convergence. our asset purchase programme continues at the current monthly pace. protectionist threats warrant close monitoring. geopolitical uncertainties continue to pose downside risks",-0.4,"The statement reflects a cautious stance, balancing modest investment growth against persistent inflation undershooting and significant external downside risks.","success"
"ECB_20151020_acc",2015-10-20,"2015 Q4","low_rate","account","business investment has strengthened gradually. price pressures remain subdued reflecting low energy prices. net asset purchases will continue as long as necessary. our asset purchase programme continues at the current monthly pace. geopolitical uncertainties continue to pose downside risks. risks to the growth outlook remain broadly balanced",0.1,"The statement balances positive signals regarding business investment with cautious acknowledgments of geopolitical risks and subdued price pressures, maintaining a steady, accommodative policy stance.","success"
"ECB_20160119_pre",2016-01-19,"2016 Q1","low_rate","press_conf","domestic demand remains the main driver of growth. economic recovery continues at a moderate pace. core inflation has yet to show sustained signs of convergence. inflation remains well below our target of two percent. we reaffirm our forward guidance on the key interest rates. risks to the growth outlook remain broadly balanced",-0.2,"The statement reflects a cautious stance, highlighting persistent inflation shortfalls and a moderate recovery, though balanced by stable growth risks and a commitment to existing forward guidance.","success"
"ECB_20160116_pol",2016-01-16,"2016 Q1","low_rate","policy_statement","economic recovery continues at a moderate pace. core inflation has yet to show sustained signs of convergence. net asset purchases will continue as long as necessary. global trade tensions have increased uncertainty. risks to the growth outlook remain broadly balanced",-0.2,"The statement balances a moderate recovery with persistent inflation concerns and heightened global uncertainty, resulting in a slightly cautious, wait-and-see policy stance.","success"
"ECB_20160102_acc",2016-01-02,"2016 Q1","low_rate","account","growth momentum remains resilient despite global uncertainties. economic recovery continues at a moderate pace. price pressures remain subdued reflecting low energy prices. underlying inflation continues to lack a convincing upward trend. our asset purchase programme continues at the current monthly pace. protectionist threats warrant close monitoring",-0.2,"The statement balances resilient growth with concerns over subdued inflation and external risks, resulting in a slightly cautious, wait-and-see policy bias.","success"
"ECB_20160423_pre",2016-04-23,"2016 Q2","low_rate","press_conf","business investment has strengthened gradually. growth momentum remains resilient despite global uncertainties. price pressures remain subdued reflecting low energy prices. inflation remains well below our target of two percent. net asset purchases will continue as long as necessary. the accommodative monetary policy stance supports the recovery. risks to the growth outlook remain broadly balanced",0.6,"The statement conveys a confident and supportive tone, highlighting resilient growth and a commitment to maintaining an accommodative policy stance to reach inflation targets.","success"
"ECB_20160401_pol",2016-04-01,"2016 Q2","low_rate","policy_statement","economic recovery continues at a moderate pace. business investment has strengthened gradually. core inflation has yet to show sustained signs of convergence. price pressures remain subdued reflecting low energy prices. the governing council decided to keep interest rates unchanged. global trade tensions have increased uncertainty",-0.2,"The statement reflects a cautious outlook, balancing moderate growth and investment against persistent concerns regarding core inflation, subdued price pressures, and heightened global uncertainty.","success"
"ECB_20160403_acc",2016-04-03,"2016 Q2","low_rate","account","business investment has strengthened gradually. price pressures remain subdued reflecting low energy prices. we reaffirm our forward guidance on the key interest rates. protectionist threats warrant close monitoring",0.2,"The statement balances positive signals regarding business investment and subdued inflation with a cautious, neutral stance on forward guidance and external risks.","success"
"ECB_20160728_pre",2016-07-28,"2016 Q3","low_rate","press_conf","the euro area economy expanded in line with expectations. business investment has strengthened gradually. core inflation has yet to show sustained signs of convergence. our asset purchase programme continues at the current monthly pace. the accommodative monetary policy stance supports the recovery. protectionist threats warrant close monitoring. geopolitical uncertainties continue to pose downside risks",0.1,"The statement balances positive signals regarding economic expansion and investment with cautious language concerning inflation persistence and external geopolitical risks, resulting in a slightly optimistic but guarded stance.","success"
"ECB_20160711_pol",2016-07-11,"2016 Q3","low_rate","policy_statement","economic recovery continues at a moderate pace. underlying inflation continues to lack a convincing upward trend. net asset purchases will continue as long as necessary. our asset purchase programme continues at the current monthly pace. geopolitical uncertainties continue to pose downside risks. global trade tensions have increased uncertainty",-0.4,"The statement emphasizes persistent downside risks, lack of inflationary momentum, and continued reliance on accommodative measures, reflecting a cautious and dovish outlook.","success"
"ECB_20160713_acc",2016-07-13,"2016 Q3","low_rate","account","economic recovery continues at a moderate pace. domestic demand remains the main driver of growth. price pressures remain subdued reflecting low energy prices. our asset purchase programme continues at the current monthly pace. global trade tensions have increased uncertainty",-0.2,"While the statement acknowledges moderate growth and domestic demand, the emphasis on subdued price pressures and heightened global uncertainty introduces a cautious, slightly dovish bias.","success"
"ECB_20161024_pre",2016-10-24,"2016 Q4","low_rate","press_conf","economic recovery continues at a moderate pace. the euro area economy expanded in line with expectations. inflation remains well below our target of two percent. the accommodative monetary policy stance supports the recovery. our asset purchase programme continues at the current monthly pace. protectionist threats warrant close monitoring. global trade tensions have increased uncertainty",-0.2,"While the statement acknowledges a moderate recovery and maintains an accommodative stance, the emphasis on inflation remaining below target and the explicit concerns regarding protectionism and global uncertainty tilt the tone toward a cautious, dovish bias.","success"
"ECB_20161009_pol",2016-10-09,"2016 Q4","low_rate","policy_statement","growth momentum remains resilient despite global uncertainties. domestic demand remains the main driver of growth. core inflation has yet to show sustained signs of convergence. underlying inflation continues to lack a convincing upward trend. the governing council decided to keep interest rates unchanged. the accommodative monetary policy stance supports the recovery. geopolitical uncertainties continue to pose downside risks",0.1,"The statement balances resilient domestic growth and an accommodative stance against persistent inflation weakness and downside geopolitical risks, resulting in a slightly positive but cautious outlook.","success"
"ECB_20161010_acc",2016-10-10,"2016 Q4","low_rate","account","economic recovery continues at a moderate pace. underlying inflation continues to lack a convincing upward trend. core inflation has yet to show sustained signs of convergence. the accommodative monetary policy stance supports the recovery. protectionist threats warrant close monitoring",-0.2,"The statement reflects a cautious outlook, balancing moderate growth against persistent concerns regarding weak inflation trends and external protectionist risks.","success"
"ECB_20170127_pre",2017-01-27,"2017 Q1","low_rate","press_conf","business investment has strengthened gradually. domestic demand remains the main driver of growth. price pressures remain subdued reflecting low energy prices. inflation remains well below our target of two percent. the governing council decided to keep interest rates unchanged. net asset purchases will continue as long as necessary. geopolitical uncertainties continue to pose downside risks. protectionist threats warrant close monitoring",-0.4,"The statement reflects a cautious stance, balancing modest growth improvements against persistent concerns regarding subdued inflation, geopolitical risks, and protectionism.","success"
"ECB_20170115_pol",2017-01-15,"2017 Q1","low_rate","policy_statement","business investment has strengthened gradually. underlying inflation continues to lack a convincing upward trend. net asset purchases will continue as long as necessary. geopolitical uncertainties continue to pose downside risks. protectionist threats warrant close monitoring",-0.3,"While business investment shows improvement, the persistent lack of upward inflation momentum and the emphasis on downside risks from geopolitics and protectionism maintain a cautious, dovish bias.","success"
"ECB_20170118_acc",2017-01-18,"2017 Q1","low_rate","account","domestic demand remains the main driver of growth. economic recovery continues at a moderate pace. price pressures remain subdued reflecting low energy prices. the governing council decided to keep interest rates unchanged. geopolitical uncertainties continue to pose downside risks. risks to the growth outlook remain broadly balanced",0.1,"The statement maintains a neutral stance by balancing moderate growth and stable domestic demand against persistent geopolitical downside risks and subdued inflation.","success"
"ECB_20170421_pre",2017-04-21,"2017 Q2","low_rate","press_conf","the euro area economy expanded in line with expectations. economic recovery continues at a moderate pace. core inflation has yet to show sustained signs of convergence. underlying inflation continues to lack a convincing upward trend. the accommodative monetary policy stance supports the recovery. net asset purchases will continue as long as necessary. global trade tensions have increased uncertainty",-0.2,"While the policy stance remains accommodative, the emphasis on the lack of sustained inflation convergence and the rising uncertainty from global trade tensions introduces a cautious, slightly dovish bias.","success"
"ECB_20170411_pol",2017-04-11,"2017 Q2","low_rate","policy_statement","domestic demand remains the main driver of growth. growth momentum remains resilient despite global uncertainties. inflation remains well below our target of two percent. net asset purchases will continue as long as necessary. global trade tensions have increased uncertainty",-0.3,"While domestic growth is described as resilient, the persistent undershooting of the inflation target and the emphasis on global uncertainties and trade tensions necessitate a cautious, accommodative policy stance.","success"
"ECB_20170425_acc",2017-04-25,"2017 Q2","low_rate","account","growth momentum remains resilient despite global uncertainties. business investment has strengthened gradually. price pressures remain subdued reflecting low energy prices. inflation remains well below our target of two percent. the governing council decided to keep interest rates unchanged. geopolitical uncertainties continue to pose downside risks",-0.2,"While the statement acknowledges resilient growth and investment, the persistent focus on inflation remaining well below target and the emphasis on downside geopolitical risks creates a slightly cautious, dovish bias.","success"
"ECB_20170721_pre",2017-07-21,"2017 Q3","low_rate","press_conf","the euro area economy expanded in line with expectations. growth momentum remains resilient despite global uncertainties. core inflation has yet to show sustained signs of convergence. we reaffirm our forward guidance on the key interest rates. global trade tensions have increased uncertainty",0.1,"The statement balances resilient growth and steady policy guidance against persistent core inflation and rising external risks, resulting in a slightly cautious but overall neutral stance.","success"
"ECB_20170723_pol",2017-07-23,"2017 Q3","low_rate","policy_statement","domestic demand remains the main driver of growth. growth momentum remains resilient despite global uncertainties. inflation remains well below our target of two percent. price pressures remain subdued reflecting low energy prices. the governing council decided to keep interest rates unchanged. protectionist threats warrant close monitoring",-0.4,"The statement reflects a dovish bias by highlighting persistent inflation undershooting and external risks, despite acknowledging resilient domestic growth.","success"
"ECB_20170722_acc",2017-07-22,"2017 Q3","low_rate","account","the euro area economy expanded in line with expectations. core inflation has yet to show sustained signs of convergence. net asset purchases will continue as long as necessary. our asset purchase programme continues at the current monthly pace. geopolitical uncertainties continue to pose downside risks. risks to the growth outlook remain broadly balanced",-0.2,"The statement maintains a cautious tone by highlighting persistent core inflation and geopolitical downside risks, despite the neutral assessment of growth.","success"
"ECB_20171022_pre",2017-10-22,"2017 Q4","low_rate","press_conf","the euro area economy expanded in line with expectations. economic recovery continues at a moderate pace. inflation remains well below our target of two percent. our asset purchase programme continues at the current monthly pace. the accommodative monetary policy stance supports the recovery. geopolitical uncertainties continue to pose downside risks. protectionist threats warrant close monitoring",-0.2,"While the statement acknowledges a moderate recovery and maintains an accommodative stance, the emphasis on inflation remaining below target and the explicit mention of downside risks from geopolitical and protectionist factors tilt the sentiment toward a cautious, dovish bias.","success"
"ECB_20171024_pol",2017-10-24,"2017 Q4","low_rate","policy_statement","economic recovery continues at a moderate pace. business investment has strengthened gradually. core inflation has yet to show sustained signs of convergence. underlying inflation continues to lack a convincing upward trend. the governing council decided to keep interest rates unchanged. net asset purchases will continue as long as necessary. geopolitical uncertainties continue to pose downside risks",-0.2,"The statement balances moderate growth signals with persistent concerns regarding inflation trends and geopolitical downside risks, resulting in a cautious, wait-and-see policy stance.","success"
"ECB_20171012_acc",2017-10-12,"2017 Q4","low_rate","account","growth momentum remains resilient despite global uncertainties. underlying inflation continues to lack a convincing upward trend. price pressures remain subdued reflecting low energy prices. our asset purchase programme continues at the current monthly pace. the accommodative monetary policy stance supports the recovery. protectionist threats warrant close monitoring. risks to the growth outlook remain broadly balanced",0.2,"The statement maintains a moderately accommodative stance by highlighting resilient growth and supportive policy, while tempering optimism with concerns over subdued inflation and global protectionist risks.","success"
"ECB_20180124_pre",2018-01-24,"2018 Q1","low_rate","press_conf","economic recovery continues at a moderate pace. growth momentum remains resilient despite global uncertainties. price pressures remain subdued reflecting low energy prices. our asset purchase programme continues at the current monthly pace. we reaffirm our forward guidance on the key interest rates. protectionist threats warrant close monitoring",0.2,"The statement maintains a balanced, slightly optimistic tone by highlighting resilient growth and stable policy, though it is tempered by cautious references to global uncertainties and protectionism.","success"
"ECB_20180129_pol",2018-01-29,"2018 Q1","low_rate","policy_statement","domestic demand remains the main driver of growth. core inflation has yet to show sustained signs of convergence. price pressures remain subdued reflecting low energy prices. we reaffirm our forward guidance on the key interest rates. net asset purchases will continue as long as necessary. global trade tensions have increased uncertainty",-0.3,"The statement reflects a cautious stance by highlighting persistent uncertainty from global trade tensions and the lack of sustained core inflation convergence, despite the reliance on domestic demand.","success"
"ECB_20180124_acc",2018-01-24,"2018 Q1","low_rate","account","growth momentum remains resilient despite global uncertainties. economic recovery continues at a moderate pace. inflation remains well below our target of two percent. we reaffirm our forward guidance on the key interest rates. geopolitical uncertainties continue to pose downside risks. global trade tensions have increased uncertainty",-0.3,"While the statement acknowledges resilient growth, the persistent focus on inflation undershooting the target and the emphasis on geopolitical and trade-related downside risks creates a cautious, dovish bias.","success"
"ECB_20180425_pre",2018-04-25,"2018 Q2","low_rate","press_conf","business investment has strengthened gradually. domestic demand remains the main driver of growth. core inflation has yet to show sustained signs of convergence. price pressures remain subdued reflecting low energy prices. net asset purchases will continue as long as necessary. protectionist threats warrant close monitoring. geopolitical uncertainties continue to pose downside risks",-0.2,"While domestic demand and investment show signs of growth, the emphasis on persistent core inflation weakness and significant downside risks from geopolitical and protectionist factors creates a cautious, slightly dovish bias.","success"
"ECB_20180419_pol",2018-04-19,"2018 Q2","low_rate","policy_statement","the euro area economy expanded in line with expectations. domestic demand remains the main driver of growth. core inflation has yet to show sustained signs of convergence. price pressures remain subdued reflecting low energy prices. we reaffirm our forward guidance on the key interest rates. the accommodative monetary policy stance supports the recovery. risks to the growth outlook remain broadly balanced. geopolitical uncertainties continue to pose downside risks",0.2,"The statement maintains a moderately accommodative tone by reaffirming existing policy support, though it is tempered by cautious language regarding core inflation and geopolitical downside risks.","success"
"ECB_20180418_acc",2018-04-18,"2018 Q2","low_rate","account","growth momentum remains resilient despite global uncertainties. business investment has strengthened gradually. inflation remains well below our target of two percent. price pressures remain subdued reflecting low energy prices. net asset purchases will continue as long as necessary. our asset purchase programme continues at the current monthly pace. global trade tensions have increased uncertainty",-0.2,"While growth is described as resilient, the persistent failure to meet the inflation target and the emphasis on global trade uncertainties necessitate a cautious, accommodative stance.","success"
"ECB_20180705_pre",2018-07-05,"2018 Q3","low_rate","press_conf","domestic demand remains the main driver of growth. underlying inflation continues to lack a convincing upward trend. net asset purchases will continue as long as necessary. risks to the growth outlook remain broadly balanced. protectionist threats warrant close monitoring",-0.2,"The statement reflects a cautious stance, balancing a neutral growth outlook with concerns over persistent low inflation and external protectionist risks.","success"
"ECB_20180722_pol",2018-07-22,"2018 Q3","low_rate","policy_statement","growth momentum remains resilient despite global uncertainties. business investment has strengthened gradually. price pressures remain subdued reflecting low energy prices. core inflation has yet to show sustained signs of convergence. our asset purchase programme continues at the current monthly pace. protectionist threats warrant close monitoring",0.1,"The statement balances positive indicators regarding growth and investment with cautious observations on core inflation and external risks, resulting in a slightly optimistic but guarded neutral stance.","success"
"ECB_20180703_acc",2018-07-03,"2018 Q3","low_rate","account","economic recovery continues at a moderate pace. underlying inflation continues to lack a convincing upward trend. net asset purchases will continue as long as necessary. risks to the growth outlook remain broadly balanced",-0.2,"The statement reflects a cautious stance by highlighting the lack of a convincing inflation trend and maintaining open-ended asset purchases, despite the moderate recovery and balanced growth risks.","success"
"ECB_20181007_pre",2018-10-07,"2018 Q4","low_rate","press_conf","business investment has strengthened gradually. domestic demand remains the main driver of growth. inflation remains well below our target of two percent. our asset purchase programme continues at the current monthly pace. geopolitical uncertainties continue to pose downside risks. global trade tensions have increased uncertainty",-0.3,"While domestic demand shows some resilience, the persistent undershooting of the inflation target combined with explicit concerns regarding geopolitical risks and trade tensions creates a cautious and dovish outlook.","success"
"ECB_20181002_pol",2018-10-02,"2018 Q4","low_rate","policy_statement","business investment has strengthened gradually. domestic demand remains the main driver of growth. price pressures remain subdued reflecting low energy prices. inflation remains well below our target of two percent. the governing council decided to keep interest rates unchanged. risks to the growth outlook remain broadly balanced",-0.4,"The statement reflects a cautious stance, highlighting that inflation remains persistently below target and price pressures are subdued, despite the neutral assessment of growth risks.","success"
"ECB_20181015_acc",2018-10-15,"2018 Q4","low_rate","account","growth momentum remains resilient despite global uncertainties. domestic demand remains the main driver of growth. price pressures remain subdued reflecting low energy prices. core inflation has yet to show sustained signs of convergence. our asset purchase programme continues at the current monthly pace. geopolitical uncertainties continue to pose downside risks",0.1,"The statement balances resilient domestic growth and stable policy settings against persistent downside risks from geopolitical factors and the lack of sustained core inflation convergence.","success"
"ECB_20190101_pre",2019-01-01,"2019 Q1","low_rate","press_conf","the euro area economy expanded in line with expectations. core inflation has yet to show sustained signs of convergence. underlying inflation continues to lack a convincing upward trend. we reaffirm our forward guidance on the key interest rates. the accommodative monetary policy stance supports the recovery. risks to the growth outlook remain broadly balanced",0.2,"The statement maintains a moderately accommodative stance by reaffirming existing policy support and balanced growth risks, though it remains cautious regarding the lack of sustained upward momentum in core inflation.","success"
"ECB_20190101_pol",2019-01-01,"2019 Q1","low_rate","policy_statement","economic recovery continues at a moderate pace. the euro area economy expanded in line with expectations. core inflation has yet to show sustained signs of convergence. underlying inflation continues to lack a convincing upward trend. we reaffirm our forward guidance on the key interest rates. protectionist threats warrant close monitoring",-0.2,"The statement reflects a cautious outlook, balancing moderate growth with concerns over persistent inflation weakness and external risks, leading to a slightly dovish, wait-and-see stance.","success"
"ECB_20190123_acc",2019-01-23,"2019 Q1","low_rate","account","economic recovery continues at a moderate pace. price pressures remain subdued reflecting low energy prices. underlying inflation continues to lack a convincing upward trend. the accommodative monetary policy stance supports the recovery. protectionist threats warrant close monitoring",0.2,"The statement balances a positive outlook on recovery and supportive policy with cautious observations regarding persistent low inflation and external protectionist risks.","success"
"ECB_20190407_pre",2019-04-07,"2019 Q2","low_rate","press_conf","domestic demand remains the main driver of growth. the euro area economy expanded in line with expectations. underlying inflation continues to lack a convincing upward trend. the governing council decided to keep interest rates unchanged. risks to the growth outlook remain broadly balanced. global trade tensions have increased uncertainty",-0.2,"While growth is described as stable, the emphasis on the lack of upward inflation trends and the heightened uncertainty from global trade tensions tilts the tone toward a cautious, wait-and-see stance.","success"
"ECB_20190331_pol",2019-03-31,"2019 Q1","low_rate","policy_statement","business investment has strengthened gradually. economic recovery continues at a moderate pace. inflation remains well below our target of two percent. underlying inflation continues to lack a convincing upward trend. net asset purchases will continue as long as necessary. we reaffirm our forward guidance on the key interest rates. geopolitical uncertainties continue to pose downside risks",-0.3,"While the statement acknowledges moderate recovery, the emphasis on inflation remaining below target, the lack of a convincing upward trend in underlying inflation, and the focus on downside risks reflect a cautious and accommodative stance.","success"
"ECB_20190429_acc",2019-04-29,"2019 Q2","low_rate","account","domestic demand remains the main driver of growth. the euro area economy expanded in line with expectations. underlying inflation continues to lack a convincing upward trend. core inflation has yet to show sustained signs of convergence. net asset purchases will continue as long as necessary. global trade tensions have increased uncertainty",-0.3,"The statement reflects a cautious stance, balancing steady domestic growth against persistent concerns regarding weak underlying inflation and heightened global trade uncertainty.","success"
"ECB_20190705_pre",2019-07-05,"2019 Q3","low_rate","press_conf","growth momentum remains resilient despite global uncertainties. domestic demand remains the main driver of growth. core inflation has yet to show sustained signs of convergence. the accommodative monetary policy stance supports the recovery. risks to the growth outlook remain broadly balanced. geopolitical uncertainties continue to pose downside risks",0.2,"The statement maintains a cautiously optimistic tone by highlighting resilient growth and supportive policy, while tempering this with acknowledgments of persistent inflation and geopolitical downside risks.","success"
"ECB_20190722_pol",2019-07-22,"2019 Q3","low_rate","policy_statement","economic recovery continues at a moderate pace. inflation remains well below our target of two percent. core inflation has yet to show sustained signs of convergence. our asset purchase programme continues at the current monthly pace. geopolitical uncertainties continue to pose downside risks. protectionist threats warrant close monitoring",-0.4,"The statement reflects a cautious tone by highlighting persistent inflation shortfalls, the lack of core price momentum, and significant downside risks from geopolitical and protectionist factors.","success"
"ECB_20190720_acc",2019-07-20,"2019 Q3","low_rate","account","the euro area economy expanded in line with expectations. inflation remains well below our target of two percent. core inflation has yet to show sustained signs of convergence. the accommodative monetary policy stance supports the recovery. our asset purchase programme continues at the current monthly pace. risks to the growth outlook remain broadly balanced. geopolitical uncertainties continue to pose downside risks",-0.2,"While the policy stance is explicitly accommodative, the emphasis on inflation remaining well below target and the presence of geopolitical downside risks tilt the tone toward a cautious, dovish bias.","success"
"ECB_20191006_pre",2019-10-06,"2019 Q4","low_rate","press_conf","the euro area economy expanded in line with expectations. underlying inflation continues to lack a convincing upward trend. inflation remains well below our target of two percent. we reaffirm our forward guidance on the key interest rates. the accommodative monetary policy stance supports the recovery. risks to the growth outlook remain broadly balanced. protectionist threats warrant close monitoring",-0.2,"While the tone is balanced regarding growth, the explicit admission that inflation lacks a convincing upward trend and remains below target signals a cautious, dovish bias.","success"
"ECB_20191030_pol",2019-10-30,"2019 Q4","low_rate","policy_statement","economic recovery continues at a moderate pace. inflation remains well below our target of two percent. core inflation has yet to show sustained signs of convergence. our asset purchase programme continues at the current monthly pace. geopolitical uncertainties continue to pose downside risks",-0.4,"The statement reflects a cautious tone by highlighting persistent inflation shortfalls, the lack of core price momentum, and ongoing downside risks from geopolitical factors.","success"
"ECB_20191006_acc",2019-10-06,"2019 Q4","low_rate","account","the euro area economy expanded in line with expectations. business investment has strengthened gradually. core inflation has yet to show sustained signs of convergence. inflation remains well below our target of two percent. the governing council decided to keep interest rates unchanged. our asset purchase programme continues at the current monthly pace. risks to the growth outlook remain broadly balanced. geopolitical uncertainties continue to pose downside risks",-0.2,"The statement reflects a cautious, wait-and-see approach, balancing moderate economic growth against persistent concerns regarding below-target inflation and external geopolitical risks.","success"
"ECB_20200114_pre",2020-01-14,"2020 Q1","covid","press_conf","the pandemic has caused an unprecedented contraction in economic activity. the recovery remains incomplete and subject to high uncertainty. price developments remain very weak amid depressed demand. disinflationary pressures reflect the severity of the downturn. targeted longer term refinancing operations provide critical liquidity. downside risks related to the pandemic remain elevated. the severity and duration of the health crisis are highly uncertain",-0.7,"The statement uses consistently pessimistic language focusing on economic contraction, weak price developments, and high uncertainty, reflecting a defensive and cautious monetary policy stance.","success"
"ECB_20200118_pol",2020-01-18,"2020 Q1","covid","policy_statement","the recovery remains incomplete and subject to high uncertainty. the economy faces severe disruption from containment measures. disinflationary pressures reflect the severity of the downturn. the PEPP envelope has been increased substantially. financial vulnerabilities have increased significantly. the outlook is subject to exceptionally high uncertainty",-0.8,"The statement is heavily weighted toward crisis-level language, emphasizing severe economic disruption, disinflationary risks, and extreme uncertainty, which necessitates aggressive policy intervention.","success"
"ECB_20200108_acc",2020-01-08,"2020 Q1","covid","account","the recovery remains incomplete and subject to high uncertainty. the pandemic has caused an unprecedented contraction in economic activity. inflation has fallen significantly due to the sharp decline in energy prices. disinflationary pressures reflect the severity of the downturn. the PEPP envelope has been increased substantially. the severity and duration of the health crisis are highly uncertain",-0.8,"The statement is heavily weighted toward crisis-era terminology, emphasizing economic contraction, high uncertainty, and significant disinflationary pressures that necessitate substantial policy intervention.","success"
"ECB_20200409_pre",2020-04-09,"2020 Q2","covid","press_conf","the economy faces severe disruption from containment measures. output declined sharply as lockdown measures took effect. price developments remain very weak amid depressed demand. we will ensure favourable financing conditions throughout the pandemic. the outlook is subject to exceptionally high uncertainty. financial vulnerabilities have increased significantly",-0.7,"The statement uses heavily pessimistic language regarding economic contraction and uncertainty, with the commitment to favourable financing conditions serving as a necessary crisis-response measure rather than an expression of confidence.","success"
"ECB_20200405_pol",2020-04-05,"2020 Q2","covid","policy_statement","the pandemic has caused an unprecedented contraction in economic activity. the economy faces severe disruption from containment measures. price developments remain very weak amid depressed demand. the governing council decided to launch the pandemic emergency purchase programme. the severity and duration of the health crisis are highly uncertain",-0.8,"The statement uses highly pessimistic language regarding economic contraction and uncertainty, signaling a defensive and reactive policy stance in response to a severe crisis.","success"
"ECB_20200410_acc",2020-04-10,"2020 Q2","covid","account","the economy faces severe disruption from containment measures. the recovery remains incomplete and subject to high uncertainty. disinflationary pressures reflect the severity of the downturn. we will ensure favourable financing conditions throughout the pandemic. the governing council decided to launch the pandemic emergency purchase programme. downside risks related to the pandemic remain elevated",-0.7,"The statement uses highly cautious language emphasizing severe economic disruption, incomplete recovery, and elevated downside risks, necessitating emergency intervention.","success"
"ECB_20200723_pre",2020-07-23,"2020 Q3","covid","press_conf","the recovery remains incomplete and subject to high uncertainty. disinflationary pressures reflect the severity of the downturn. the governing council decided to launch the pandemic emergency purchase programme. downside risks related to the pandemic remain elevated. the outlook is subject to exceptionally high uncertainty",-0.8,"The statement uses highly cautious and pessimistic language, emphasizing severe economic downturn, elevated downside risks, and exceptional uncertainty to justify aggressive monetary intervention.","success"
"ECB_20200712_pol",2020-07-12,"2020 Q3","covid","policy_statement","the recovery remains incomplete and subject to high uncertainty. price developments remain very weak amid depressed demand. inflation has fallen significantly due to the sharp decline in energy prices. we will ensure favourable financing conditions throughout the pandemic. targeted longer term refinancing operations provide critical liquidity. the outlook is subject to exceptionally high uncertainty",-0.6,"The statement emphasizes persistent economic weakness, high uncertainty, and depressed demand, signaling a cautious and accommodative stance necessitated by significant downside risks.","success"
"ECB_20200713_acc",2020-07-13,"2020 Q3","covid","account","output declined sharply as lockdown measures took effect. disinflationary pressures reflect the severity of the downturn. price developments remain very weak amid depressed demand. targeted longer term refinancing operations provide critical liquidity. we will ensure favourable financing conditions throughout the pandemic. downside risks related to the pandemic remain elevated",-0.7,"The statement uses somber, crisis-oriented language highlighting sharp economic decline, disinflationary pressures, and elevated downside risks, necessitating emergency liquidity measures.","success"
"ECB_20201014_pre",2020-10-14,"2020 Q4","covid","press_conf","output declined sharply as lockdown measures took effect. the recovery remains incomplete and subject to high uncertainty. inflation has fallen significantly due to the sharp decline in energy prices. price developments remain very weak amid depressed demand. all policy instruments are being used to support the economy. the governing council decided to launch the pandemic emergency purchase programme. the severity and duration of the health crisis are highly uncertain. the outlook is subject to exceptionally high uncertainty",-0.8,"The statement is heavily dominated by crisis-oriented language, emphasizing sharp economic decline, incomplete recovery, and exceptionally high uncertainty, which necessitates aggressive emergency policy intervention.","success"
"ECB_20201017_pol",2020-10-17,"2020 Q4","covid","policy_statement","the economy faces severe disruption from containment measures. disinflationary pressures reflect the severity of the downturn. price developments remain very weak amid depressed demand. targeted longer term refinancing operations provide critical liquidity. all policy instruments are being used to support the economy. the outlook is subject to exceptionally high uncertainty. downside risks related to the pandemic remain elevated",-0.8,"The statement uses highly cautious and alarmist language, emphasizing severe economic disruption, weak price dynamics, and exceptionally high uncertainty, which signals a strongly dovish and defensive policy stance.","success"
"ECB_20201012_acc",2020-10-12,"2020 Q4","covid","account","the recovery remains incomplete and subject to high uncertainty. disinflationary pressures reflect the severity of the downturn. targeted longer term refinancing operations provide critical liquidity. the governing council decided to launch the pandemic emergency purchase programme. downside risks related to the pandemic remain elevated. the severity and duration of the health crisis are highly uncertain",-0.8,"The statement is heavily weighted toward crisis-management language, emphasizing high uncertainty, severe economic downturn, and the necessity of emergency liquidity measures.","success"
"ECB_20210104_pre",2021-01-04,"2021 Q1","covid","press_conf","the pandemic has caused an unprecedented contraction in economic activity. output declined sharply as lockdown measures took effect. disinflationary pressures reflect the severity of the downturn. price developments remain very weak amid depressed demand. the PEPP envelope has been increased substantially. we will ensure favourable financing conditions throughout the pandemic. downside risks related to the pandemic remain elevated. the severity and duration of the health crisis are highly uncertain",-0.8,"The statement uses highly pessimistic language regarding economic contraction and disinflationary pressures, signaling a crisis-driven, accommodative stance necessitated by severe downside risks.","success"
"ECB_20210104_pol",2021-01-04,"2021 Q1","covid","policy_statement","output declined sharply as lockdown measures took effect. the economy faces severe disruption from containment measures. disinflationary pressures reflect the severity of the downturn. price developments remain very weak amid depressed demand. the governing council decided to launch the pandemic emergency purchase programme. all policy instruments are being used to support the economy. financial vulnerabilities have increased significantly. the outlook is subject to exceptionally high uncertainty",-0.8,"The statement uses alarmist language regarding economic disruption and disinflationary risks, signaling a crisis-driven, highly accommodative policy response to severe financial instability.","success"
"ECB_20210107_acc",2021-01-07,"2021 Q1","covid","account","output declined sharply as lockdown measures took effect. the recovery remains incomplete and subject to high uncertainty. disinflationary pressures reflect the severity of the downturn. inflation has fallen significantly due to the sharp decline in energy prices. all policy instruments are being used to support the economy. the governing council decided to launch the pandemic emergency purchase programme. financial vulnerabilities have increased significantly",-0.8,"The statement uses highly pessimistic language regarding economic contraction, incomplete recovery, and significant financial vulnerabilities, necessitating emergency intervention.","success"
"ECB_20210609_pre",2021-06-09,"2021 Q2","inflation_surge","press_conf","growth is expected to moderate as the reopening boost fades. inflation has risen sharply to levels well above our target. underlying price pressures have broadened and intensified. we will continue to raise rates significantly at a steady pace. the transmission of our tightening is being monitored closely. energy supply disruptions pose risks to the outlook. the war in Ukraine continues to create significant uncertainty",-0.6,"The statement reflects a hawkish, restrictive stance driven by persistent inflation concerns and significant geopolitical uncertainty, which outweighs the acknowledgment of moderating growth.","success"
"ECB_20210626_pol",2021-06-26,"2021 Q2","inflation_surge","policy_statement","labour markets have tightened considerably. inflation has risen sharply to levels well above our target. inflation expectations must remain firmly anchored at two percent. the transmission of our tightening is being monitored closely. asset purchase reinvestments will be reduced beginning next quarter. upside risks to inflation remain dominant",-0.7,"The statement adopts a hawkish and restrictive tone, emphasizing sharp inflation, the need for anchored expectations, and the active reduction of asset purchase reinvestments.","success"
"ECB_20210619_acc",2021-06-19,"2021 Q2","inflation_surge","account","the economy continues to expand despite supply chain disruptions. food and energy prices continue to drive headline inflation upward. the transmission of our tightening is being monitored closely. we will continue to raise rates significantly at a steady pace. second round effects through wages are a key concern. the war in Ukraine continues to create significant uncertainty",-0.6,"The statement adopts a hawkish and cautious tone, emphasizing persistent inflationary pressures, the necessity of significant rate hikes, and heightened uncertainty due to geopolitical risks.","success"
"ECB_20210914_pre",2021-09-14,"2021 Q3","inflation_surge","press_conf","growth is expected to moderate as the reopening boost fades. underlying price pressures have broadened and intensified. headline inflation reached the highest level in decades driven by energy prices. we will continue to raise rates significantly at a steady pace. asset purchase reinvestments will be reduced beginning next quarter. the war in Ukraine continues to create significant uncertainty. upside risks to inflation remain dominant",-0.6,"The statement reflects a hawkish and cautious stance, prioritising aggressive inflation control through rate hikes and balance sheet reduction amidst significant geopolitical uncertainty and persistent price pressures.","success"
"ECB_20210912_pol",2021-09-12,"2021 Q3","inflation_surge","policy_statement","labour markets have tightened considerably. headline inflation reached the highest level in decades driven by energy prices. the governing council decided to raise interest rates by seventy five basis points. we will continue to raise rates significantly at a steady pace. upside risks to inflation remain dominant",-0.6,"The statement reflects a hawkish and restrictive stance, prioritising aggressive inflation control through significant rate hikes while acknowledging dominant upside risks to price stability.","success"
"ECB_20210906_acc",2021-09-06,"2021 Q3","inflation_surge","account","growth is expected to moderate as the reopening boost fades. wage growth has accelerated reflecting tight labour markets. we will continue to raise rates significantly at a steady pace. the governing council decided to raise interest rates by seventy five basis points. energy supply disruptions pose risks to the outlook",-0.4,"The statement combines aggressive hawkish tightening with a cautious outlook regarding growth moderation and energy-related risks, reflecting a restrictive policy stance.","success"
"ECB_20211228_pre",2021-12-28,"2021 Q4","inflation_surge","press_conf","the economy continues to expand despite supply chain disruptions. economic activity has recovered strongly from the pandemic trough. headline inflation reached the highest level in decades driven by energy prices. the normalisation of monetary policy is proceeding as planned. the transmission of our tightening is being monitored closely. second round effects through wages are a key concern",-0.3,"The statement balances economic recovery with significant concerns regarding high inflation, energy-driven price pressures, and the potential for wage-price spirals, reflecting a cautious and tightening-oriented stance.","success"
"ECB_20211130_pol",2021-11-30,"2021 Q4","inflation_surge","policy_statement","economic activity has recovered strongly from the pandemic trough. food and energy prices continue to drive headline inflation upward. asset purchase reinvestments will be reduced beginning next quarter. second round effects through wages are a key concern. the war in Ukraine continues to create significant uncertainty",-0.4,"The statement balances a strong economic recovery with significant concerns regarding persistent inflation, wage-price spirals, and geopolitical uncertainty, leading to a hawkish shift in policy through the reduction of asset purchases.","success"
"ECB_20211225_acc",2021-12-25,"2021 Q4","inflation_surge","account","labour markets have tightened considerably. inflation has risen sharply to levels well above our target. food and energy prices continue to drive headline inflation upward. the transmission of our tightening is being monitored closely. the normalisation of monetary policy is proceeding as planned. energy supply disruptions pose risks to the outlook",-0.6,"The statement reflects a hawkish and cautious stance, emphasizing inflationary pressures and supply-side risks while confirming a commitment to monetary policy tightening.","success"
"ECB_20220330_pre",2022-03-30,"2022 Q1","inflation_surge","press_conf","economic activity has recovered strongly from the pandemic trough. food and energy prices continue to drive headline inflation upward. the transmission of our tightening is being monitored closely. we will continue to raise rates significantly at a steady pace. energy supply disruptions pose risks to the outlook",-0.4,"The statement reflects a hawkish, restrictive stance focused on combating inflation through continued rate hikes while acknowledging significant downside risks from energy supply disruptions.","success"
"ECB_20220330_pol",2022-03-30,"2022 Q1","inflation_surge","policy_statement","the economy continues to expand despite supply chain disruptions. economic activity has recovered strongly from the pandemic trough. inflation expectations must remain firmly anchored at two percent. headline inflation reached the highest level in decades driven by energy prices. the transmission of our tightening is being monitored closely. the war in Ukraine continues to create significant uncertainty. upside risks to inflation remain dominant",-0.4,"The statement balances a recovery narrative with significant concerns regarding persistent inflation, geopolitical uncertainty, and the restrictive impact of ongoing policy tightening.","success"
"ECB_20220306_acc",2022-03-06,"2022 Q1","inflation_surge","account","labour markets have tightened considerably. growth is expected to moderate as the reopening boost fades. food and energy prices continue to drive headline inflation upward. the governing council decided to raise interest rates by seventy five basis points. energy supply disruptions pose risks to the outlook",-0.4,"The statement reflects a hawkish, contractionary stance driven by persistent inflationary pressures and supply-side risks, tempered only by a cautious outlook on moderating growth.","success"
"ECB_20220603_pre",2022-06-03,"2022 Q2","inflation_surge","press_conf","the economy continues to expand despite supply chain disruptions. economic activity has recovered strongly from the pandemic trough. underlying price pressures have broadened and intensified. headline inflation reached the highest level in decades driven by energy prices. we will continue to raise rates significantly at a steady pace. the normalisation of monetary policy is proceeding as planned. second round effects through wages are a key concern",-0.4,"The statement reflects a hawkish and cautious stance, prioritising inflation containment through aggressive rate hikes while expressing significant concern over broadening price pressures and wage-related second-round effects.","success"
"ECB_20220601_pol",2022-06-01,"2022 Q2","inflation_surge","policy_statement","labour markets have tightened considerably. growth is expected to moderate as the reopening boost fades. inflation has risen sharply to levels well above our target. headline inflation reached the highest level in decades driven by energy prices. the normalisation of monetary policy is proceeding as planned. the war in Ukraine continues to create significant uncertainty",NA,NA,"error: HTTP 429 Too Many Requests."
"ECB_20220608_acc",2022-06-08,"2022 Q2","inflation_surge","account","growth is expected to moderate as the reopening boost fades. the economy continues to expand despite supply chain disruptions. headline inflation reached the highest level in decades driven by energy prices. wage growth has accelerated reflecting tight labour markets. the transmission of our tightening is being monitored closely. the war in Ukraine continues to create significant uncertainty. energy supply disruptions pose risks to the outlook",-0.4,"The statement balances moderate growth with significant downside risks from inflation, energy supply disruptions, and geopolitical uncertainty, reflecting a cautious and tightening-oriented stance.","success"
"ECB_20220906_pre",2022-09-06,"2022 Q3","inflation_surge","press_conf","labour markets have tightened considerably. inflation expectations must remain firmly anchored at two percent. the normalisation of monetary policy is proceeding as planned. second round effects through wages are a key concern",-0.4,"The statement adopts a hawkish and cautious tone, emphasizing inflation risks, wage-price spirals, and the necessity of policy normalization to anchor expectations.","success"
"ECB_20220904_pol",2022-09-04,"2022 Q3","inflation_surge","policy_statement","economic activity has recovered strongly from the pandemic trough. labour markets have tightened considerably. inflation has risen sharply to levels well above our target. the normalisation of monetary policy is proceeding as planned. the governing council decided to raise interest rates by seventy five basis points. upside risks to inflation remain dominant. second round effects through wages are a key concern",-0.6,"The statement adopts a hawkish and cautious tone, prioritising aggressive inflation containment through significant rate hikes and expressing concern over persistent upside risks and wage-price spirals.","success"
"ECB_20220904_acc",2022-09-04,"2022 Q3","inflation_surge","account","labour markets have tightened considerably. food and energy prices continue to drive headline inflation upward. we will continue to raise rates significantly at a steady pace. the governing council decided to raise interest rates by seventy five basis points. second round effects through wages are a key concern. upside risks to inflation remain dominant",-0.7,"The statement reflects a hawkish and cautious stance, prioritising aggressive inflation containment through significant rate hikes while highlighting persistent upside risks and wage-price spiral concerns.","success"
"ECB_20221130_pre",2022-11-30,"2022 Q4","inflation_surge","press_conf","the economy continues to expand despite supply chain disruptions. labour markets have tightened considerably. wage growth has accelerated reflecting tight labour markets. headline inflation reached the highest level in decades driven by energy prices. asset purchase reinvestments will be reduced beginning next quarter. we will continue to raise rates significantly at a steady pace. second round effects through wages are a key concern. upside risks to inflation remain dominant",-0.6,"The statement adopts a hawkish and cautious tone, emphasizing persistent inflationary pressures, the necessity of aggressive rate hikes, and the reduction of asset purchases to combat upside risks.","success"
"ECB_20221203_pol",2022-12-03,"2022 Q4","inflation_surge","policy_statement","labour markets have tightened considerably. growth is expected to moderate as the reopening boost fades. headline inflation reached the highest level in decades driven by energy prices. food and energy prices continue to drive headline inflation upward. we will continue to raise rates significantly at a steady pace. the normalisation of monetary policy is proceeding as planned. the war in Ukraine continues to create significant uncertainty. energy supply disruptions pose risks to the outlook",-0.4,"The statement reflects a hawkish, restrictive policy stance driven by persistent inflationary pressures and significant geopolitical risks, which outweighs the acknowledgment of economic moderation.","success"
"ECB_20221206_acc",2022-12-06,"2022 Q4","inflation_surge","account","the economy continues to expand despite supply chain disruptions. economic activity has recovered strongly from the pandemic trough. wage growth has accelerated reflecting tight labour markets. asset purchase reinvestments will be reduced beginning next quarter. upside risks to inflation remain dominant. energy supply disruptions pose risks to the outlook",-0.3,"The statement balances a recovery narrative with hawkish signals regarding the reduction of asset purchases and concerns over persistent inflation and energy supply risks.","success"
"ECB_20230328_pre",2023-03-28,"2023 Q1","inflation_surge","press_conf","the economy continues to expand despite supply chain disruptions. economic activity has recovered strongly from the pandemic trough. underlying price pressures have broadened and intensified. wage growth has accelerated reflecting tight labour markets. we will continue to raise rates significantly at a steady pace. upside risks to inflation remain dominant",-0.6,"The statement adopts a hawkish, restrictive tone by emphasizing intensified inflation pressures and committing to significant, steady interest rate hikes to combat dominant upside risks.","success"
"ECB_20230308_pol",2023-03-08,"2023 Q1","inflation_surge","policy_statement","labour markets have tightened considerably. inflation has risen sharply to levels well above our target. the normalisation of monetary policy is proceeding as planned. the transmission of our tightening is being monitored closely. upside risks to inflation remain dominant",-0.6,"The statement reflects a hawkish, restrictive stance driven by concerns over persistent inflation and the necessity of ongoing policy tightening.","success"
"ECB_20230325_acc",2023-03-25,"2023 Q1","inflation_surge","account","labour markets have tightened considerably. underlying price pressures have broadened and intensified. wage growth has accelerated reflecting tight labour markets. asset purchase reinvestments will be reduced beginning next quarter. the normalisation of monetary policy is proceeding as planned. the war in Ukraine continues to create significant uncertainty. second round effects through wages are a key concern",-0.6,"The statement reflects a hawkish and cautious stance, emphasizing inflationary risks from wage growth and tight labor markets alongside a commitment to policy normalization and concerns over geopolitical uncertainty.","success"
"ECB_20230610_pre",2023-06-10,"2023 Q2","inflation_surge","press_conf","the economy continues to expand despite supply chain disruptions. headline inflation reached the highest level in decades driven by energy prices. we will continue to raise rates significantly at a steady pace. the war in Ukraine continues to create significant uncertainty",-0.4,"The statement balances economic expansion with hawkish, aggressive rate-hike guidance and significant concern regarding inflation and geopolitical instability.","success"
"ECB_20230614_pol",2023-06-14,"2023 Q2","inflation_surge","policy_statement","economic activity has recovered strongly from the pandemic trough. underlying price pressures have broadened and intensified. food and energy prices continue to drive headline inflation upward. asset purchase reinvestments will be reduced beginning next quarter. the war in Ukraine continues to create significant uncertainty",-0.3,"The statement balances a strong economic recovery with significant concerns regarding inflationary pressures and geopolitical uncertainty, leading to a hawkish shift in policy through the reduction of asset purchases.","success"
"ECB_20230531_acc",2023-05-31,"2023 Q2","inflation_surge","account","growth is expected to moderate as the reopening boost fades. economic activity has recovered strongly from the pandemic trough. underlying price pressures have broadened and intensified. food and energy prices continue to drive headline inflation upward. we will continue to raise rates significantly at a steady pace. the transmission of our tightening is being monitored closely. energy supply disruptions pose risks to the outlook",-0.4,"The statement reflects a hawkish, restrictive stance driven by persistent inflationary pressures and significant downside risks to growth, outweighing the acknowledgment of the post-pandemic recovery.","success"
"ECB_20230928_pre",2023-09-28,"2023 Q3","normalisation","press_conf","the manufacturing sector remains weak while services show resilience. inflation has declined substantially from its peak. the governing council decided to keep interest rates at their current level. geopolitical tensions remain a source of uncertainty. risks to growth are tilted to the downside",-0.3,"The statement maintains a cautious tone by highlighting persistent weakness in manufacturing, geopolitical uncertainty, and downside risks to growth, despite acknowledging progress on inflation.","success"
"ECB_20230904_pol",2023-09-04,"2023 Q3","normalisation","policy_statement","economic growth has weakened reflecting the lagged effects of tightening. core inflation continues to moderate gradually. the governing council decided to lower interest rates by twenty five basis points. future decisions will continue to be data dependent meeting by meeting. risks to growth are tilted to the downside. fiscal policy normalisation will support disinflation",-0.4,"The statement reflects a dovish shift driven by weakening growth and downside risks, balanced only by the cautious, data-dependent approach to future policy.","success"
"ECB_20230930_acc",2023-09-30,"2023 Q3","normalisation","account","activity is expected to recover gradually as real incomes improve. core inflation continues to moderate gradually. the disinflation process is progressing as expected. we are not pre-committing to a particular rate path. fiscal policy normalisation will support disinflation. geopolitical tensions remain a source of uncertainty",0.2,"The statement reflects a balanced, data-dependent outlook that acknowledges progress on disinflation and economic recovery while maintaining caution through non-committal forward guidance and recognition of geopolitical risks.","success"
"ECB_20231213_pre",2023-12-13,"2023 Q4","normalisation","press_conf","economic growth has weakened reflecting the lagged effects of tightening. core inflation continues to moderate gradually. domestic price pressures remain elevated particularly in services. the governing council decided to lower interest rates by twenty five basis points. geopolitical tensions remain a source of uncertainty",-0.2,"The statement acknowledges economic weakness and persistent service inflation while balancing the rate cut with cautious language regarding geopolitical uncertainty and domestic price pressures.","success"
"ECB_20231219_pol",2023-12-19,"2023 Q4","normalisation","policy_statement","activity is expected to recover gradually as real incomes improve. inflation has declined substantially from its peak. the disinflation process is progressing as expected. we are not pre-committing to a particular rate path. the governing council decided to keep interest rates at their current level. geopolitical tensions remain a source of uncertainty",0.1,"The statement maintains a balanced, data-dependent stance by acknowledging progress on disinflation and economic recovery while tempering optimism with cautious forward guidance and references to geopolitical risks.","success"
"ECB_20231230_acc",2023-12-30,"2023 Q4","normalisation","account","economic growth has weakened reflecting the lagged effects of tightening. the disinflation process is progressing as expected. future decisions will continue to be data dependent meeting by meeting. the governing council decided to keep interest rates at their current level. risks to growth are tilted to the downside",-0.4,"The statement adopts a cautious tone by highlighting weakened economic growth, downside risks, and the lagged impact of restrictive policy, while maintaining a neutral, data-dependent stance on future rate decisions.","success"
"ECB_20240318_pre",2024-03-18,"2024 Q1","normalisation","press_conf","the manufacturing sector remains weak while services show resilience. economic growth has weakened reflecting the lagged effects of tightening. inflation has declined substantially from its peak. we are not pre-committing to a particular rate path. risks to growth are tilted to the downside. geopolitical tensions remain a source of uncertainty",-0.4,"The statement emphasizes economic weakness, downside growth risks, and geopolitical uncertainty, while maintaining a cautious, data-dependent stance that avoids any signal of imminent easing.","success"
"ECB_20240308_pol",2024-03-08,"2024 Q1","normalisation","policy_statement","the manufacturing sector remains weak while services show resilience. growth prospects are subdued in the near term. the disinflation process is progressing as expected. inflation has declined substantially from its peak. future decisions will continue to be data dependent meeting by meeting. fiscal policy normalisation will support disinflation",-0.2,"The statement reflects a cautious outlook characterized by weak manufacturing and subdued growth, balanced only by the progress in disinflation and a data-dependent, neutral policy stance.","success"
"ECB_20240319_acc",2024-03-19,"2024 Q1","normalisation","account","economic growth has weakened reflecting the lagged effects of tightening. activity is expected to recover gradually as real incomes improve. the disinflation process is progressing as expected. the governing council decided to keep interest rates at their current level. fiscal policy normalisation will support disinflation",-0.2,"The statement acknowledges economic weakness and the impact of past tightening, maintaining a cautious, data-dependent hold while balancing disinflationary progress against growth headwinds.","success"
"ECB_20240614_pre",2024-06-14,"2024 Q2","normalisation","press_conf","the manufacturing sector remains weak while services show resilience. inflation has declined substantially from its peak. the governing council decided to keep interest rates at their current level. the governing council decided to lower interest rates by twenty five basis points. geopolitical tensions remain a source of uncertainty",0.3,"The decision to lower interest rates signals a shift toward a more accommodative stance, though this is tempered by cautious language regarding persistent geopolitical uncertainty and sectoral divergence.","success"
"ECB_20240625_pol",2024-06-25,"2024 Q2","normalisation","policy_statement","economic growth has weakened reflecting the lagged effects of tightening. activity is expected to recover gradually as real incomes improve. domestic price pressures remain elevated particularly in services. the disinflation process is progressing as expected. the governing council decided to keep interest rates at their current level. future decisions will continue to be data dependent meeting by meeting. risks to growth are tilted to the downside. geopolitical tensions remain a source of uncertainty",-0.2,"The statement reflects a cautious, data-dependent stance that balances ongoing disinflation progress against concerns regarding weakened growth and persistent geopolitical uncertainty.","success"
"ECB_20240630_acc",2024-06-30,"2024 Q2","normalisation","account","activity is expected to recover gradually as real incomes improve. the disinflation process is progressing as expected. the governing council decided to keep interest rates at their current level. the governing council decided to lower interest rates by twenty five basis points. risks to growth are tilted to the downside",0.2,"The statement balances a dovish rate cut and positive disinflation progress with a cautious outlook on growth risks, resulting in a slightly accommodative but measured stance.","success"
"ECB_20240903_pre",2024-09-03,"2024 Q3","normalisation","press_conf","economic growth has weakened reflecting the lagged effects of tightening. growth prospects are subdued in the near term. domestic price pressures remain elevated particularly in services. the restrictive stance is contributing to the decline in inflation. we are not pre-committing to a particular rate path. risks to growth are tilted to the downside. the transmission lag of monetary policy creates uncertainty",-0.4,"The statement emphasizes subdued growth, downside risks, and persistent service inflation, reflecting a cautious and data-dependent stance that prioritizes restrictive policy over immediate easing.","success"
"ECB_20240925_pol",2024-09-25,"2024 Q3","normalisation","policy_statement","growth prospects are subdued in the near term. activity is expected to recover gradually as real incomes improve. core inflation continues to moderate gradually. domestic price pressures remain elevated particularly in services. we are not pre-committing to a particular rate path. risks to growth are tilted to the downside. fiscal policy normalisation will support disinflation",-0.3,"The statement reflects a cautious outlook characterized by subdued growth, downside risks, and persistent service-sector inflation, balanced only slightly by the expectation of a gradual recovery and disinflationary support from fiscal policy.","success"
"ECB_20240925_acc",2024-09-25,"2024 Q3","normalisation","account","growth prospects are subdued in the near term. core inflation continues to moderate gradually. inflation has declined substantially from its peak. future decisions will continue to be data dependent meeting by meeting. the governing council decided to lower interest rates by twenty five basis points. geopolitical tensions remain a source of uncertainty. the transmission lag of monetary policy creates uncertainty",-0.4,"The statement reflects a cautious, dovish stance driven by concerns over subdued growth and persistent geopolitical uncertainty, despite the acknowledgment of moderating inflation and the decision to cut rates.","success"
"ECB_20241205_pre",2024-12-05,"2024 Q4","normalisation","press_conf","activity is expected to recover gradually as real incomes improve. growth prospects are subdued in the near term. the disinflation process is progressing as expected. we are not pre-committing to a particular rate path. the governing council decided to keep interest rates at their current level. the transmission lag of monetary policy creates uncertainty",-0.2,"The statement maintains a cautious, data-dependent stance by highlighting subdued growth and uncertainty regarding transmission lags, balanced only by the acknowledgment of progress in disinflation.","success"
"ECB_20241225_pol",2024-12-25,"2024 Q4","normalisation","policy_statement","activity is expected to recover gradually as real incomes improve. the disinflation process is progressing as expected. the restrictive stance is contributing to the decline in inflation. future decisions will continue to be data dependent meeting by meeting. risks to growth are tilted to the downside",-0.2,"While the statement acknowledges progress on disinflation, the emphasis on a restrictive policy stance and the explicit mention of downside risks to growth create a cautious and slightly contractionary tone.","success"
"ECB_20241205_acc",2024-12-05,"2024 Q4","normalisation","account","the manufacturing sector remains weak while services show resilience. core inflation continues to moderate gradually. the disinflation process is progressing as expected. future decisions will continue to be data dependent meeting by meeting. the transmission lag of monetary policy creates uncertainty",-0.2,"The statement balances signs of disinflationary progress with cautious acknowledgments of manufacturing weakness and persistent uncertainty regarding policy transmission lags.","success"
